producto,valor,mes,año
"hogar promedio del estrato de referencia, formado por",4.43,diciembre,2015
pobreza alcanzó $368.389 pesos para el hogar medio de,4.43,diciembre,2015
"línea de pobreza para el hogar medio del estrato de referencia, de",4.43,diciembre,2015
Orshansky de 2 para zonas urbanas y de,1.75,diciembre,2015
mensual de,-0.6,diciembre,2015
"diciembre de 2014, período coincidente con los últimos doce meses, de",6.9,diciembre,2015
equivalente registró una variación mensual de,-0.2,diciembre,2015
(enero-diciembre de 2015) de,5.3,diciembre,2015
CBA,-0.6,diciembre,2015
LP por persona equivalente,-0.2,diciembre,2015
LPE por persona equivalente,-0.2,diciembre,2015
Índice de Alimentos y Bebidas,-0.6,diciembre,2015
IPC,0.0,diciembre,2015
Arroz G,22.2,diciembre,2015
Pan corriente sin envasar G,151.2,diciembre,2015
Espiral G,20.2,diciembre,2015
Galleta dulce G,1.1,diciembre,2015
Galleta no dulce G,0.5,diciembre,2015
Torta 15 o 20 personas G,7.2,diciembre,2015
Prepizza familiar G,0.8,diciembre,2015
Harina de trigo G,10.2,diciembre,2015
Avena G,5.1,diciembre,2015
Asiento G,0.3,diciembre,2015
Carne molida G,4.9,diciembre,2015
Chuleta de cerdo centro o vetada G,3.9,diciembre,2015
Costillar de cerdo G,1.8,diciembre,2015
Pulpa de cerdo G,4.0,diciembre,2015
Carne de pavo molida G,1.2,diciembre,2015
Pechuga de pollo G,4.7,diciembre,2015
Pollo entero G,20.4,diciembre,2015
Trutro de pollo G,15.3,diciembre,2015
Pulpa de cordero fresco o refrigerado G,0.2,diciembre,2015
Salchicha y vienesa de ave G,2.3,diciembre,2015
Salchicha y vienesa tradicional G,0.2,diciembre,2015
Longaniza G,4.2,diciembre,2015
Jamón de cerdo G,9.4,diciembre,2015
Pate G,2.9,diciembre,2015
Merluza fresca o refrigerada G,8.1,diciembre,2015
Choritos frescos o refrigerados en su G,2.7,diciembre,2015
Jurel en conserva G,18.8,diciembre,2015
Surtido en conserva G,0.3,diciembre,2015
Leche líquida entera CC,73.7,diciembre,2015
Leche en polvo entera instantánea G,3.2,diciembre,2015
Yogurt G,20.8,diciembre,2015
Queso Gouda G,4.3,diciembre,2015
Quesillo y queso fresco con sal G,0.9,diciembre,2015
Queso crema G,0.3,diciembre,2015
Huevo de gallina G,13.1,diciembre,2015
Mantequilla con sal G,1.2,diciembre,2015
Margarina G,3.6,diciembre,2015
Aceite vegetal combinado o puro CC,15.7,diciembre,2015
Plátano G,110.2,diciembre,2015
Manzana G,51.1,diciembre,2015
Maní salado G,0.4,diciembre,2015
Poroto G,13.1,diciembre,2015
Lenteja G,1.7,diciembre,2015
Lechuga G,25.2,diciembre,2015
Zapallo G,14.2,diciembre,2015
Limón G,15.7,diciembre,2015
Palta G,12.5,diciembre,2015
Tomate G,44.6,diciembre,2015
Zanahoria G,6.3,diciembre,2015
Cebolla nueva G,17.5,diciembre,2015
Choclo congelado G,5.7,diciembre,2015
Papa de guarda G,121.5,diciembre,2015
Azúcar G,28.8,diciembre,2015
Chocolate G,0.9,diciembre,2015
Caramelo G,1.9,diciembre,2015
Helado familiar un sabor CC,9.3,diciembre,2015
Salsa de tomate G,20.1,diciembre,2015
Sucedáneo de café G,1.0,diciembre,2015
Te para preparar G,1.8,diciembre,2015
Agua mineral CC,9.4,diciembre,2015
Bebida gaseosa tradicional CC,46.9,diciembre,2015
Bebida energizante CC,0.1,diciembre,2015
Refresco isotónico CC,0.3,diciembre,2015
Jugo líquido CC,4.5,diciembre,2015
Néctar líquido CC,0.1,diciembre,2015
Refresco en polvo G,1.3,diciembre,2015
Completo G,6.4,diciembre,2015
Papas fritas G,0.8,diciembre,2015
G,1.3,diciembre,2015
G,0.1,diciembre,2015
Entrada (ensalada o sopa) - para almuerzo G,0.0,diciembre,2015
Postre - para almuerzo G,0.0,diciembre,2015
Promoción de comida rápida G,0.7,diciembre,2015
G,0.0,diciembre,2015
G,0.0,diciembre,2015
Pollo asado entero G,2.0,diciembre,2015
Empanada de horno G,1.5,diciembre,2015
G,4.5,diciembre,2015
Plato de fondo - para almuerzo G,0.8,diciembre,2015
"hogar promedio del estrato de referencia, formado por",4.43,diciembre,2016
pobreza alcanzó $368.389 pesos para el hogar medio de,4.43,diciembre,2016
"línea de pobreza para el hogar medio del estrato de referencia, de",4.43,diciembre,2016
Orshansky de 2 para zonas urbanas y de,1.75,diciembre,2016
mensual de,-1.5,diciembre,2016
"diciembre de 2015, período coincidente con los últimos doce meses, de",1.5,diciembre,2016
equivalente registró una variación mensual de,-0.6,diciembre,2016
(enero-diciembre de 2016) de,2.2,diciembre,2016
• La variación mensual del valor de la canasta básica de alimentos fue,-1.5,diciembre,2016
equivalente fue,-0.6,diciembre,2016
Alcohólicas registró una variación de,-1.4,diciembre,2016
variación de,-0.2,diciembre,2016
"últimos doce meses) del valor de la canasta básica de alimentos,",1.5,diciembre,2016
experimentada por el Índice de Alimentos y Bebidas No Alcohólicas fue,2.2,diciembre,2016
"y por el IPC,",2.7,diciembre,2016
CBA,-1.5,diciembre,2016
LP por persona equivalente,-0.6,diciembre,2016
LPE por persona equivalente,-0.6,diciembre,2016
Índice de Alimentos y Bebidas,-1.4,diciembre,2016
IPC,-0.2,diciembre,2016
Arroz G,22.2,diciembre,2016
Pan corriente sin envasar G,151.2,diciembre,2016
Espiral G,20.2,diciembre,2016
Galleta dulce G,1.1,diciembre,2016
Galleta no dulce G,0.5,diciembre,2016
Torta 15 o 20 personas G,7.2,diciembre,2016
Prepizza familiar G,0.8,diciembre,2016
Harina de trigo G,10.2,diciembre,2016
Avena G,5.1,diciembre,2016
Asiento G,0.3,diciembre,2016
Carne molida G,4.9,diciembre,2016
Chuleta de cerdo centro o vetada G,3.9,diciembre,2016
Costillar de cerdo G,1.8,diciembre,2016
Pulpa de cerdo G,4.0,diciembre,2016
Carne de pavo molida G,1.2,diciembre,2016
Pechuga de pollo G,4.7,diciembre,2016
Pollo entero G,20.4,diciembre,2016
Trutro de pollo G,15.3,diciembre,2016
Pulpa de cordero fresco o refrigerado G,0.2,diciembre,2016
Salchicha y vienesa de ave G,2.3,diciembre,2016
Salchicha y vienesa tradicional G,0.2,diciembre,2016
Longaniza G,4.2,diciembre,2016
Jamón de cerdo G,9.4,diciembre,2016
Pate G,2.9,diciembre,2016
Merluza fresca o refrigerada G,8.1,diciembre,2016
Choritos frescos o refrigerados en su G,2.7,diciembre,2016
Jurel en conserva G,18.8,diciembre,2016
Surtido en conserva G,0.3,diciembre,2016
Leche líquida entera CC,73.7,diciembre,2016
Leche en polvo entera instantánea G,3.2,diciembre,2016
Yogurt G,20.8,diciembre,2016
Queso Gouda G,4.3,diciembre,2016
Quesillo y queso fresco con sal G,0.9,diciembre,2016
Queso crema G,0.3,diciembre,2016
Huevo de gallina G,13.1,diciembre,2016
Mantequilla con sal G,1.2,diciembre,2016
Margarina G,3.6,diciembre,2016
Aceite vegetal combinado o puro CC,15.7,diciembre,2016
Plátano G,110.2,diciembre,2016
Manzana G,51.1,diciembre,2016
Maní salado G,0.4,diciembre,2016
Poroto G,13.1,diciembre,2016
Lenteja G,1.7,diciembre,2016
Lechuga G,25.2,diciembre,2016
Zapallo G,14.2,diciembre,2016
Limón G,15.7,diciembre,2016
Palta G,12.5,diciembre,2016
Tomate G,44.6,diciembre,2016
Zanahoria G,6.3,diciembre,2016
Cebolla nueva G,17.5,diciembre,2016
Choclo congelado G,5.7,diciembre,2016
Papa de guarda G,121.5,diciembre,2016
Azúcar G,28.8,diciembre,2016
Chocolate G,0.9,diciembre,2016
Caramelo G,1.9,diciembre,2016
Helado familiar un sabor CC,9.3,diciembre,2016
Salsa de tomate G,20.1,diciembre,2016
Sucedáneo de café G,1.0,diciembre,2016
Te para preparar G,1.8,diciembre,2016
Agua mineral CC,9.4,diciembre,2016
Bebida gaseosa tradicional CC,46.9,diciembre,2016
Bebida energizante CC,0.1,diciembre,2016
Refresco isotónico CC,0.3,diciembre,2016
Jugo líquido CC,4.5,diciembre,2016
Néctar líquido CC,0.1,diciembre,2016
Refresco en polvo G,1.3,diciembre,2016
Completo G,6.4,diciembre,2016
Papas fritas G,0.8,diciembre,2016
G,1.3,diciembre,2016
G,0.1,diciembre,2016
Entrada (ensalada o sopa) - para almuerzo G,0.0,diciembre,2016
Postre - para almuerzo G,0.0,diciembre,2016
Promoción de comida rápida G,0.7,diciembre,2016
G,0.0,diciembre,2016
G,0.0,diciembre,2016
Pollo asado entero G,2.0,diciembre,2016
Empanada de horno G,1.5,diciembre,2016
G,4.5,diciembre,2016
Plato de fondo - para almuerzo G,0.8,diciembre,2016
"hogar promedio del estrato de referencia, formado por",4.43,diciembre,2017
pobreza alcanzó $368.389 pesos para el hogar medio de,4.43,diciembre,2017
"línea de pobreza para el hogar medio del estrato de referencia, de",4.43,diciembre,2017
Orshansky de 2 para zonas urbanas y de,1.75,diciembre,2017
mensual de,0.1,diciembre,2017
"diciembre de 2016, período coincidente con los últimos doce meses, de",2.9,diciembre,2017
equivalente registró una variación mensual de,0.2,diciembre,2017
(enero-diciembre de 2017) de,2.4,diciembre,2017
• La variación mensual del valor de la canasta básica de alimentos fue,0.1,diciembre,2017
equivalente fue,0.2,diciembre,2017
Alcohólicas registró una variación de,-0.5,diciembre,2017
variación de,0.1,diciembre,2017
"últimos doce meses) del valor de la canasta básica de alimentos,",2.9,diciembre,2017
experimentada por el Índice de Alimentos y Bebidas No Alcohólicas fue,2.5,diciembre,2017
"y por el IPC,",2.3,diciembre,2017
CBA,0.1,diciembre,2017
LP por persona equivalente,0.2,diciembre,2017
LPE por persona equivalente,0.2,diciembre,2017
Índice de Alimentos y Bebidas,-0.5,diciembre,2017
IPC,0.1,diciembre,2017
Arroz G,22.2,diciembre,2017
Pan corriente sin envasar G,151.2,diciembre,2017
Espiral G,20.2,diciembre,2017
Galleta dulce G,1.1,diciembre,2017
Galleta no dulce G,0.5,diciembre,2017
Torta 15 o 20 personas G,7.2,diciembre,2017
Prepizza familiar G,0.8,diciembre,2017
Harina de trigo G,10.2,diciembre,2017
Avena G,5.1,diciembre,2017
Asiento G,0.3,diciembre,2017
Carne molida G,4.9,diciembre,2017
Chuleta de cerdo centro o vetada G,3.9,diciembre,2017
Costillar de cerdo G,1.8,diciembre,2017
Pulpa de cerdo G,4.0,diciembre,2017
Carne de pavo molida G,1.2,diciembre,2017
Pechuga de pollo G,4.7,diciembre,2017
Pollo entero G,20.4,diciembre,2017
Trutro de pollo G,15.3,diciembre,2017
Pulpa de cordero fresco o refrigerado G,0.2,diciembre,2017
Salchicha y vienesa de ave G,2.3,diciembre,2017
Salchicha y vienesa tradicional G,0.2,diciembre,2017
Longaniza G,4.2,diciembre,2017
Jamón de cerdo G,9.4,diciembre,2017
Pate G,2.9,diciembre,2017
Merluza fresca o refrigerada G,8.1,diciembre,2017
Choritos frescos o refrigerados en su G,2.7,diciembre,2017
Jurel en conserva G,18.8,diciembre,2017
Surtido en conserva G,0.3,diciembre,2017
Leche líquida entera CC,73.7,diciembre,2017
Leche en polvo entera instantánea G,3.2,diciembre,2017
Yogurt G,20.8,diciembre,2017
Queso Gouda G,4.3,diciembre,2017
Quesillo y queso fresco con sal G,0.9,diciembre,2017
Queso crema G,0.3,diciembre,2017
Huevo de gallina G,13.1,diciembre,2017
Mantequilla con sal G,1.2,diciembre,2017
Margarina G,3.6,diciembre,2017
Aceite vegetal combinado o puro CC,15.7,diciembre,2017
Plátano G,110.2,diciembre,2017
Manzana G,51.1,diciembre,2017
Maní salado G,0.4,diciembre,2017
Poroto G,13.1,diciembre,2017
Lenteja G,1.7,diciembre,2017
Lechuga G,25.2,diciembre,2017
Zapallo G,14.2,diciembre,2017
Limón G,15.7,diciembre,2017
Palta G,12.5,diciembre,2017
Tomate G,44.6,diciembre,2017
Zanahoria G,6.3,diciembre,2017
Cebolla nueva G,17.5,diciembre,2017
Choclo congelado G,5.7,diciembre,2017
Papa de guarda G,121.5,diciembre,2017
Azúcar G,28.8,diciembre,2017
Chocolate G,0.9,diciembre,2017
Caramelo G,1.9,diciembre,2017
Helado familiar un sabor CC,9.3,diciembre,2017
Salsa de tomate G,20.1,diciembre,2017
Sucedáneo de café G,1.0,diciembre,2017
Te para preparar G,1.8,diciembre,2017
Agua mineral CC,9.4,diciembre,2017
Bebida gaseosa tradicional CC,46.9,diciembre,2017
Bebida energizante CC,0.1,diciembre,2017
Refresco isotónico CC,0.3,diciembre,2017
Jugo líquido CC,4.5,diciembre,2017
Néctar líquido CC,0.1,diciembre,2017
Refresco en polvo G,1.3,diciembre,2017
Completo G,6.4,diciembre,2017
Papas fritas G,0.8,diciembre,2017
G,1.3,diciembre,2017
G,0.1,diciembre,2017
Entrada (ensalada o sopa) - para almuerzo G,0.0,diciembre,2017
Postre - para almuerzo G,0.0,diciembre,2017
Promoción de comida rápida G,0.7,diciembre,2017
G,0.0,diciembre,2017
G,0.0,diciembre,2017
Pollo asado entero G,2.0,diciembre,2017
Empanada de horno G,1.5,diciembre,2017
G,4.5,diciembre,2017
Plato de fondo - para almuerzo G,0.8,diciembre,2017
"hogar promedio del estrato de referencia, formado por",4.43,diciembre,2018
pobreza alcanzó $368.389 pesos para el hogar medio de,4.43,diciembre,2018
"línea de pobreza para el hogar medio del estrato de referencia, de",4.43,diciembre,2018
Orshansky de 2 para zonas urbanas y de,1.75,diciembre,2018
mensual de,-0.4,diciembre,2018
"diciembre de 2017, período coincidente con los últimos doce meses, de",3.5,diciembre,2018
equivalente registró una variación mensual de,-0.1,diciembre,2018
(enero-diciembre de 2018) de,2.9,diciembre,2018
• La variación mensual del valor de la canasta básica de alimentos fue,-0.4,diciembre,2018
equivalente fue,-0.1,diciembre,2018
Alcohólicas registró una variación de,-0.8,diciembre,2018
variación de,-0.1,diciembre,2018
"últimos doce meses) del valor de la canasta básica de alimentos,",3.5,diciembre,2018
"2,9% en tanto la correspondiente al IPC fue",2.6,diciembre,2018
CBA,-0.4,diciembre,2018
LP por persona equivalente,-0.1,diciembre,2018
LPE por persona equivalente,-0.1,diciembre,2018
Índice de Alimentos y Bebidas,-0.8,diciembre,2018
IPC,-0.1,diciembre,2018
Arroz G,22.2,diciembre,2018
Pan corriente sin envasar G,151.2,diciembre,2018
Espiral G,20.2,diciembre,2018
Galleta dulce G,1.1,diciembre,2018
Galleta no dulce G,0.5,diciembre,2018
Torta 15 o 20 personas G,7.2,diciembre,2018
Prepizza familiar G,0.8,diciembre,2018
Harina de trigo G,10.2,diciembre,2018
Avena G,5.1,diciembre,2018
Asiento G,0.3,diciembre,2018
Carne molida G,4.9,diciembre,2018
Chuleta de cerdo centro o vetada G,3.9,diciembre,2018
Costillar de cerdo G,1.8,diciembre,2018
Pulpa de cerdo G,4.0,diciembre,2018
Carne de pavo molida G,1.2,diciembre,2018
Pechuga de pollo G,4.7,diciembre,2018
Pollo entero G,20.4,diciembre,2018
Trutro de pollo G,15.3,diciembre,2018
Pulpa de cordero fresco o refrigerado G,0.2,diciembre,2018
Salchicha y vienesa de ave G,2.3,diciembre,2018
Salchicha y vienesa tradicional G,0.2,diciembre,2018
Longaniza G,4.2,diciembre,2018
Jamón de cerdo G,9.4,diciembre,2018
Pate G,2.9,diciembre,2018
Merluza fresca o refrigerada G,8.1,diciembre,2018
Choritos frescos o refrigerados en su G,2.7,diciembre,2018
Jurel en conserva G,18.8,diciembre,2018
Surtido en conserva G,0.3,diciembre,2018
Leche líquida entera CC,73.7,diciembre,2018
Leche en polvo entera instantánea G,3.2,diciembre,2018
Yogurt G,20.8,diciembre,2018
Queso Gouda G,4.3,diciembre,2018
Quesillo y queso fresco con sal G,0.9,diciembre,2018
Queso crema G,0.3,diciembre,2018
Huevo de gallina G,13.1,diciembre,2018
Mantequilla con sal G,1.2,diciembre,2018
Margarina G,3.6,diciembre,2018
Aceite vegetal combinado o puro CC,15.7,diciembre,2018
Plátano G,110.2,diciembre,2018
Manzana G,51.1,diciembre,2018
Maní salado G,0.4,diciembre,2018
Poroto G,13.1,diciembre,2018
Lenteja G,1.7,diciembre,2018
Lechuga G,25.2,diciembre,2018
Zapallo G,14.2,diciembre,2018
Limón G,15.7,diciembre,2018
Palta G,12.5,diciembre,2018
Tomate G,44.6,diciembre,2018
Zanahoria G,6.3,diciembre,2018
Cebolla nueva G,17.5,diciembre,2018
Choclo congelado G,5.7,diciembre,2018
Papa de guarda G,121.5,diciembre,2018
Azúcar G,28.8,diciembre,2018
Chocolate G,0.9,diciembre,2018
Caramelo G,1.9,diciembre,2018
Helado familiar un sabor CC,9.3,diciembre,2018
Salsa de tomate G,20.1,diciembre,2018
Sucedáneo de café G,1.0,diciembre,2018
Te para preparar G,1.8,diciembre,2018
Agua mineral CC,9.4,diciembre,2018
Bebida gaseosa tradicional CC,46.9,diciembre,2018
Bebida energizante CC,0.1,diciembre,2018
Refresco isotónico CC,0.3,diciembre,2018
Jugo líquido CC,4.5,diciembre,2018
Néctar líquido CC,0.1,diciembre,2018
Refresco en polvo G,1.3,diciembre,2018
Completo G,6.4,diciembre,2018
Papas fritas G,0.8,diciembre,2018
G,1.3,diciembre,2018
G,0.1,diciembre,2018
Entrada (ensalada o sopa) - para almuerzo G,0.0,diciembre,2018
Postre - para almuerzo G,0.0,diciembre,2018
Promoción de comida rápida G,0.7,diciembre,2018
G,0.0,diciembre,2018
G,0.0,diciembre,2018
Pollo asado entero G,2.0,diciembre,2018
Empanada de horno G,1.5,diciembre,2018
G,4.5,diciembre,2018
Plato de fondo - para almuerzo G,0.8,diciembre,2018
"hogar promedio del estrato de referencia, formado por",4.43,diciembre,2019
pobreza alcanzó $368.389 pesos para el hogar medio de,4.43,diciembre,2019
"línea de pobreza para el hogar medio del estrato de referencia, de",4.43,diciembre,2019
Orshansky de 2 para zonas urbanas y de,1.75,diciembre,2019
mensual de,-1.3,diciembre,2019
"2018, período coincidente con los últimos doce meses, de",3.3,diciembre,2019
registró una variación mensual de,-0.4,diciembre,2019
• La variación mensual del valor de la canasta básica de alimentos fue,-1.3,diciembre,2019
equivalente fue,-0.4,diciembre,2019
Alcohólicas registró una variación de,-0.5,diciembre,2019
variación de,0.1,diciembre,2019
"últimos doce meses) del valor de la canasta básica de alimentos,",3.3,diciembre,2019
Índice de Alimentos y Bebidas No Alcohólicas alcanzó,3.7,diciembre,2019
correspondiente al IPC fue,3.0,diciembre,2019
CBA,-1.3,diciembre,2019
LP por persona equivalente,-0.4,diciembre,2019
LPE por persona equivalente,-0.4,diciembre,2019
Índice de Alimentos y Bebidas,-0.5,diciembre,2019
IPC,0.1,diciembre,2019
Arroz G,22.2,diciembre,2019
Pan corriente sin envasar G,151.2,diciembre,2019
Espiral G,20.2,diciembre,2019
Galleta dulce G,1.1,diciembre,2019
Galleta no dulce G,0.5,diciembre,2019
Torta 15 o 20 personas G,7.2,diciembre,2019
Prepizza familiar G,0.8,diciembre,2019
Harina de trigo G,10.2,diciembre,2019
Avena G,5.1,diciembre,2019
Asiento G,0.3,diciembre,2019
Carne molida G,4.9,diciembre,2019
Chuleta de cerdo centro o vetada G,3.9,diciembre,2019
Costillar de cerdo G,1.8,diciembre,2019
Pulpa de cerdo G,4.0,diciembre,2019
Carne de pavo molida G,1.2,diciembre,2019
Pechuga de pollo G,4.7,diciembre,2019
Pollo entero G,20.4,diciembre,2019
Trutro de pollo G,15.3,diciembre,2019
Pulpa de cordero fresco o refrigerado G,0.2,diciembre,2019
Salchicha y vienesa de ave G,2.3,diciembre,2019
Salchicha y vienesa tradicional G,0.2,diciembre,2019
Longaniza G,4.2,diciembre,2019
Jamón de cerdo G,9.4,diciembre,2019
Pate G,2.9,diciembre,2019
Merluza fresca o refrigerada G,8.1,diciembre,2019
Choritos frescos o refrigerados en su G,2.7,diciembre,2019
Jurel en conserva G,18.8,diciembre,2019
Surtido en conserva G,0.3,diciembre,2019
Leche líquida entera CC,73.7,diciembre,2019
Leche en polvo entera instantánea G,3.2,diciembre,2019
Yogurt G,20.8,diciembre,2019
Queso Gouda G,4.3,diciembre,2019
Quesillo y queso fresco con sal G,0.9,diciembre,2019
Queso crema G,0.3,diciembre,2019
Huevo de gallina G,13.1,diciembre,2019
Mantequilla con sal G,1.2,diciembre,2019
Margarina G,3.6,diciembre,2019
Aceite vegetal combinado o puro CC,15.7,diciembre,2019
Plátano G,110.2,diciembre,2019
Manzana G,51.1,diciembre,2019
Maní salado G,0.4,diciembre,2019
Poroto G,13.1,diciembre,2019
Lenteja G,1.7,diciembre,2019
Lechuga G,25.2,diciembre,2019
Zapallo G,14.2,diciembre,2019
Limón G,15.7,diciembre,2019
Palta G,12.5,diciembre,2019
Tomate G,44.6,diciembre,2019
Zanahoria G,6.3,diciembre,2019
Cebolla nueva G,17.5,diciembre,2019
Choclo congelado G,5.7,diciembre,2019
Papa de guarda G,121.5,diciembre,2019
Azúcar G,28.8,diciembre,2019
Chocolate G,0.9,diciembre,2019
Caramelo G,1.9,diciembre,2019
Helado familiar un sabor CC,9.3,diciembre,2019
Salsa de tomate G,20.1,diciembre,2019
Sucedáneo de café G,1.0,diciembre,2019
Te para preparar G,1.8,diciembre,2019
Agua mineral CC,9.4,diciembre,2019
Bebida gaseosa tradicional CC,46.9,diciembre,2019
Bebida energizante CC,0.1,diciembre,2019
Refresco isotónico CC,0.3,diciembre,2019
Jugo líquido CC,4.5,diciembre,2019
Néctar líquido CC,0.1,diciembre,2019
Refresco en polvo G,1.3,diciembre,2019
Completo G,6.4,diciembre,2019
Papas fritas G,0.8,diciembre,2019
G,1.3,diciembre,2019
G,0.1,diciembre,2019
Entrada (ensalada o sopa) - para almuerzo G,0.0,diciembre,2019
Postre - para almuerzo G,0.0,diciembre,2019
Promoción de comida rápida G,0.7,diciembre,2019
G,0.0,diciembre,2019
G,0.0,diciembre,2019
Pollo asado entero G,2.0,diciembre,2019
Empanada de horno G,1.5,diciembre,2019
G,4.5,diciembre,2019
Plato de fondo - para almuerzo G,0.8,diciembre,2019
"del estrato de referencia, formado por",4.43,diciembre,2020
"precios de abril de 2012, la línea de pobreza alcanzó $368.389 pesos para el hogar medio de",4.43,diciembre,2020
ponderador utilizado es,0.7,diciembre,2020
"para el hogar medio del estrato de referencia, de",4.43,diciembre,2020
para zonas urbanas y de,1.75,diciembre,2020
apartado anterior. Esta cifra representa una variación mensual de,0.6,diciembre,2020
de,7.6,diciembre,2020
mensual de,0.5,diciembre,2020
variación mensual de,0.5,diciembre,2020
el IPC del resto de los productos durante el mes de diciembre de 2020 tuvo una variación de,0.4,diciembre,2020
"2,5",2.0,diciembre,2020
"1,5",0.2,diciembre,2020
"1,0",0.6,diciembre,2020
"0,5",0.4,diciembre,2020
CBA LP IPC Resto,-1.3,diciembre,2020
aumentó en,7.6,diciembre,2020
variación de,1.7,diciembre,2020
"el mismo periodo, ubicándose en",4.1,diciembre,2020
"10,0",9.3,diciembre,2020
"8,0",6.9,diciembre,2020
"7,0",5.9,diciembre,2020
"6,0",5.0,diciembre,2020
"5,0",4.5,diciembre,2020
"3,0",0.3,diciembre,2020
"2,0",2.4,diciembre,2020
"1,0",1.7,diciembre,2020
"1,3",0.8,diciembre,2020
• La variación mensual registrada por el valor de la canasta básica de alimentos fue,0.6,diciembre,2020
a,0.5,diciembre,2020
Bebidas No Alcohólicas fue,0.2,diciembre,2020
• La variación en los últimos doce meses del valor de la canasta básica de alimentos fue,7.6,diciembre,2020
la de la línea de pobreza por persona equivalente fue,4.1,diciembre,2020
meses del Índice de Alimentos y Bebidas No Alcohólicas fue,7.6,diciembre,2020
alcanzó,2.7,diciembre,2020
CBA,0.6,diciembre,2020
LP por persona equivalente,0.5,diciembre,2020
LPE por persona equivalente,0.5,diciembre,2020
"0,2",7.6,diciembre,2020
IPC,0.3,diciembre,2020
"el limón y la papa, alcanzado una variación mensual de",20.1,diciembre,2020
que frutas como la manzana y el plátano aumentaron su valor en,7.9,diciembre,2020
disminuyeron en,4.2,diciembre,2020
Limón,20.1,diciembre,2020
Manzana,7.9,diciembre,2020
Papa,5.5,diciembre,2020
Plátano,3.8,diciembre,2020
Pescado,-4.2,diciembre,2020
Helado,-4.3,diciembre,2020
Tomate,-15.2,diciembre,2020
"de alimentos sufrieron un alza en sus precios, en promedio lo hicieron en",1.8,diciembre,2020
"1,9% en promedio y fluctúo entre",-15.2,diciembre,2020
Arroz G,22.2,diciembre,2020
Pan corriente sin envasar G,151.2,diciembre,2020
Espiral G,20.2,diciembre,2020
Galleta dulce G,1.1,diciembre,2020
Galleta no dulce G,0.5,diciembre,2020
Torta 15 o 20 personas G,7.2,diciembre,2020
Prepizza familiar G,0.8,diciembre,2020
Harina de trigo G,10.2,diciembre,2020
Avena G,5.1,diciembre,2020
Asiento G,0.3,diciembre,2020
Carne molida G,4.9,diciembre,2020
Chuleta de cerdo centro o vetada G,3.9,diciembre,2020
Costillar de cerdo G,1.8,diciembre,2020
Pulpa de cerdo G,4.0,diciembre,2020
Carne de pavo molida G,1.2,diciembre,2020
Pechuga de pollo G,4.7,diciembre,2020
Pollo entero G,20.4,diciembre,2020
Trutro de pollo G,15.3,diciembre,2020
Pulpa de cordero fresco o refrigerado G,0.2,diciembre,2020
Salchicha y vienesa de ave G,2.3,diciembre,2020
Salchicha y vienesa tradicional G,0.2,diciembre,2020
Longaniza G,4.2,diciembre,2020
Jamón de cerdo G,9.4,diciembre,2020
Pate G,2.9,diciembre,2020
Merluza fresca o refrigerada G,8.1,diciembre,2020
Choritos frescos o refrigerados en su concha G,2.7,diciembre,2020
Jurel en conserva G,18.8,diciembre,2020
Surtido en conserva G,0.3,diciembre,2020
Leche líquida entera CC,73.7,diciembre,2020
Leche en polvo entera instantánea G,3.2,diciembre,2020
Yogurt G,20.8,diciembre,2020
Queso Gouda G,4.3,diciembre,2020
Quesillo y queso fresco con sal G,0.9,diciembre,2020
Queso crema G,0.3,diciembre,2020
Huevo de gallina G,13.1,diciembre,2020
Mantequilla con sal G,1.2,diciembre,2020
Margarina G,3.6,diciembre,2020
Aceite vegetal combinado o puro CC,15.7,diciembre,2020
Plátano G,110.2,diciembre,2020
Manzana G,51.1,diciembre,2020
Maní salado G,0.4,diciembre,2020
Poroto G,13.1,diciembre,2020
Lenteja G,1.7,diciembre,2020
Lechuga G,25.2,diciembre,2020
Zapallo G,14.2,diciembre,2020
Limón G,15.7,diciembre,2020
Palta G,12.5,diciembre,2020
Tomate G,44.6,diciembre,2020
Zanahoria G,6.3,diciembre,2020
Cebolla nueva G,17.5,diciembre,2020
Choclo congelado G,5.7,diciembre,2020
Papa de guarda G,121.5,diciembre,2020
Azúcar G,28.8,diciembre,2020
Chocolate G,0.9,diciembre,2020
Caramelo G,1.9,diciembre,2020
Helado familiar un sabor CC,9.3,diciembre,2020
Salsa de tomate G,20.1,diciembre,2020
Sucedáneo de café G,1.0,diciembre,2020
Te para preparar G,1.8,diciembre,2020
Agua mineral CC,9.4,diciembre,2020
Bebida gaseosa tradicional CC,46.9,diciembre,2020
Bebida energizante CC,0.1,diciembre,2020
Refresco isotónico CC,0.3,diciembre,2020
Jugo líquido CC,4.5,diciembre,2020
Néctar líquido CC,0.1,diciembre,2020
Refresco en polvo G,1.3,diciembre,2020
Completo G,6.4,diciembre,2020
Papas fritas G,0.8,diciembre,2020
G,1.3,diciembre,2020
G,0.1,diciembre,2020
Entrada (ensalada o sopa) - para almuerzo G,0.0,diciembre,2020
Postre - para almuerzo G,0.0,diciembre,2020
Promoción de comida rápida G,0.7,diciembre,2020
G,0.0,diciembre,2020
G,0.0,diciembre,2020
Pollo asado entero G,2.0,diciembre,2020
Empanada de horno G,1.5,diciembre,2020
Colación o menú del día o almuerzo ejecutivo G,4.5,diciembre,2020
Plato de fondo - para almuerzo G,0.8,diciembre,2020
Arroz,0.9,diciembre,2020
Pan corriente sin envasar,-0.1,diciembre,2020
Espiral,1.3,diciembre,2020
Galleta dulce,3.5,diciembre,2020
Galleta no dulce,3.5,diciembre,2020
Torta 15 o 20 personas,-0.1,diciembre,2020
Prepizza familiar,0.1,diciembre,2020
Harina de trigo,-1.5,diciembre,2020
Avena,1.0,diciembre,2020
Asiento,-1.1,diciembre,2020
Carne molida,-1.1,diciembre,2020
Chuleta de cerdo centro o vetada,1.5,diciembre,2020
Costillar de cerdo,1.5,diciembre,2020
Pulpa de cerdo,1.5,diciembre,2020
Carne de pavo molida,3.5,diciembre,2020
Pechuga de pollo,3.2,diciembre,2020
Pollo entero,3.2,diciembre,2020
Trutro de pollo,3.2,diciembre,2020
Pulpa de cordero fresco o refrigerado,0.1,diciembre,2020
Salchicha y vienesa de ave,-1.0,diciembre,2020
Salchicha y vienesa tradicional,-1.0,diciembre,2020
Longaniza,-1.0,diciembre,2020
Jamón de cerdo,-0.5,diciembre,2020
Pate,-0.5,diciembre,2020
Merluza fresca o refrigerada,-4.2,diciembre,2020
Choritos frescos o refrigerados en su concha,-4.0,diciembre,2020
Jurel en conserva,0.3,diciembre,2020
Surtido en conserva,2.1,diciembre,2020
Leche líquida entera,0.5,diciembre,2020
Leche en polvo entera instantánea,1.1,diciembre,2020
Yogurt,0.3,diciembre,2020
Queso Gouda,1.1,diciembre,2020
Quesillo y queso fresco con sal,1.1,diciembre,2020
Queso crema,1.1,diciembre,2020
Huevo de gallina,-2.7,diciembre,2020
Mantequilla con sal,1.6,diciembre,2020
Margarina,-0.9,diciembre,2020
Aceite vegetal combinado o puro,-1.0,diciembre,2020
Plátano,3.8,diciembre,2020
Manzana,7.9,diciembre,2020
Maní salado,0.0,diciembre,2020
Poroto,1.4,diciembre,2020
Lenteja,1.4,diciembre,2020
Lechuga,-2.1,diciembre,2020
Zapallo,0.1,diciembre,2020
Limón,20.1,diciembre,2020
Palta,1.9,diciembre,2020
Tomate,-15.2,diciembre,2020
Zanahoria,-0.8,diciembre,2020
Cebolla nueva,-1.1,diciembre,2020
Choclo congelado,0.3,diciembre,2020
Papa de guarda,5.5,diciembre,2020
Azúcar,-0.1,diciembre,2020
Chocolate,0.6,diciembre,2020
Caramelo,0.8,diciembre,2020
Helado familiar 1 sabor,-4.3,diciembre,2020
Salsa de tomate,3.3,diciembre,2020
Sucedáneo de café,-2.1,diciembre,2020
Te para preparar,0.0,diciembre,2020
Agua mineral,1.1,diciembre,2020
Bebida gaseosa tradicional,1.9,diciembre,2020
Bebida energizante,0.3,diciembre,2020
Refresco isotónico,0.3,diciembre,2020
Jugo liquido,-0.1,diciembre,2020
Néctar liquido,-0.1,diciembre,2020
Refresco en polvo,-1.7,diciembre,2020
Completo,0.1,diciembre,2020
Papas fritas,0.4,diciembre,2020
Té corriente (según establecimiento) - para desayuno,0.4,diciembre,2020
Biscochos dulces y medialunas - para desayuno,0.4,diciembre,2020
Entrada (ensalada o sopa) - para almuerzo,0.4,diciembre,2020
Postre - para almuerzo,0.4,diciembre,2020
Promoción de comida rápida,0.4,diciembre,2020
desayuno,0.4,diciembre,2020
Aliado (jamón queso) o barros Jarpa - para once,0.4,diciembre,2020
Pollo asado entero,0.4,diciembre,2020
Empanada de horno,0.4,diciembre,2020
Colación o menú del día o almuerzo ejecutivo,0.4,diciembre,2020
Plato de fondo - para almuerzo,0.4,diciembre,2020
"del estrato de referencia, formado por",4.43,diciembre,2021
"precios de abril de 2012, la línea de pobreza alcanzó $368.389 pesos para el hogar medio de",4.43,diciembre,2021
ponderador utilizado es,0.7,diciembre,2021
"para el hogar medio del estrato de referencia, de",4.43,diciembre,2021
para zonas urbanas y de,1.75,diciembre,2021
apartado anterior. Esta cifra representa una variación mensual de,0.3,diciembre,2021
de,4.9,diciembre,2021
mensual de,0.6,diciembre,2021
variación mensual de,0.6,diciembre,2021
el IPC del resto de los productos durante el mes de diciembre de 2021 tuvo una variación de,0.8,diciembre,2021
"2,0",0.6,diciembre,2021
"2,0",1.9,diciembre,2021
"1,0",1.0,diciembre,2021
"0,4",0.4,diciembre,2021
"0,0",0.2,diciembre,2021
aumentó en,4.9,diciembre,2021
variación de,7.4,diciembre,2021
"el mismo periodo, ubicándose en",6.3,diciembre,2021
"10,0",9.3,diciembre,2021
"8,0",6.9,diciembre,2021
"6,0",5.9,diciembre,2021
"5,0",3.0,diciembre,2021
"4,0",2.8,diciembre,2021
"1,3",0.8,diciembre,2021
"-3,0",-1.8,diciembre,2021
• La variación mensual registrada por el valor de la canasta básica de alimentos fue,0.3,diciembre,2021
a,0.6,diciembre,2021
un,0.5,diciembre,2021
• La variación acumulada anual de la canasta básica de alimentos fue de,4.9,diciembre,2021
pobreza por persona equivalente fue de,6.3,diciembre,2021
Alcohólicas fue de,5.5,diciembre,2021
CBA,0.3,diciembre,2021
LP por persona equivalente,0.6,diciembre,2021
LPE por persona equivalente,0.6,diciembre,2021
"0,5",5.5,diciembre,2021
IPC,0.8,diciembre,2021
"y la carne de pollo, alcanzado una variación mensual de",23.8,diciembre,2021
cuales disminuyeron en,11.0,diciembre,2021
"de alimentos sufrieron un aumento en sus precios, en promedio, lo hicieron en",1.8,diciembre,2021
entre,23.8,diciembre,2021
en un,1.8,diciembre,2021
Arroz G,22.2,diciembre,2021
Pan corriente sin envasar G,151.2,diciembre,2021
Espiral G,20.2,diciembre,2021
Galleta dulce G,1.1,diciembre,2021
Galleta no dulce G,0.5,diciembre,2021
Torta 15 o 20 personas G,7.2,diciembre,2021
Prepizza familiar G,0.8,diciembre,2021
Harina de trigo G,10.2,diciembre,2021
Avena G,5.1,diciembre,2021
Asiento G,0.3,diciembre,2021
Carne molida G,4.9,diciembre,2021
Chuleta de cerdo centro o vetada G,3.9,diciembre,2021
Costillar de cerdo G,1.8,diciembre,2021
Pulpa de cerdo G,4.0,diciembre,2021
Carne de pavo molida G,1.2,diciembre,2021
Pechuga de pollo G,4.7,diciembre,2021
Pollo entero G,20.4,diciembre,2021
Trutro de pollo G,15.3,diciembre,2021
Pulpa de cordero fresco o refrigerado G,0.2,diciembre,2021
Salchicha y vienesa de ave G,2.3,diciembre,2021
Salchicha y vienesa tradicional G,0.2,diciembre,2021
Longaniza G,4.2,diciembre,2021
Jamón de cerdo G,9.4,diciembre,2021
Pate G,2.9,diciembre,2021
Merluza fresca o refrigerada G,8.1,diciembre,2021
Choritos frescos o refrigerados en su concha G,2.7,diciembre,2021
Jurel en conserva G,18.8,diciembre,2021
Surtido en conserva G,0.3,diciembre,2021
Leche líquida entera CC,73.7,diciembre,2021
Leche en polvo entera instantánea G,3.2,diciembre,2021
Yogurt G,20.8,diciembre,2021
Queso Gouda G,4.3,diciembre,2021
Quesillo y queso fresco con sal G,0.9,diciembre,2021
Queso crema G,0.3,diciembre,2021
Huevo de gallina G,13.1,diciembre,2021
Mantequilla con sal G,1.2,diciembre,2021
Margarina G,3.6,diciembre,2021
Aceite vegetal combinado o puro CC,15.7,diciembre,2021
Plátano G,110.2,diciembre,2021
Manzana G,51.1,diciembre,2021
Maní salado G,0.4,diciembre,2021
Poroto G,13.1,diciembre,2021
Lenteja G,1.7,diciembre,2021
Lechuga G,25.2,diciembre,2021
Zapallo G,14.2,diciembre,2021
Limón G,15.7,diciembre,2021
Palta G,12.5,diciembre,2021
Tomate G,44.6,diciembre,2021
Zanahoria G,6.3,diciembre,2021
Cebolla nueva G,17.5,diciembre,2021
Choclo congelado G,5.7,diciembre,2021
Papa de guarda G,121.5,diciembre,2021
Azúcar G,28.8,diciembre,2021
Chocolate G,0.9,diciembre,2021
Caramelo G,1.9,diciembre,2021
Helado familiar un sabor CC,9.3,diciembre,2021
Salsa de tomate G,20.1,diciembre,2021
Sucedáneo de café G,1.0,diciembre,2021
Te para preparar G,1.8,diciembre,2021
Agua mineral CC,9.4,diciembre,2021
Bebida gaseosa tradicional CC,46.9,diciembre,2021
Bebida energizante CC,0.1,diciembre,2021
Refresco isotónico CC,0.3,diciembre,2021
Jugo líquido CC,4.5,diciembre,2021
Néctar líquido CC,0.1,diciembre,2021
Refresco en polvo G,1.3,diciembre,2021
Completo G,6.4,diciembre,2021
Papas fritas G,0.8,diciembre,2021
G,1.3,diciembre,2021
G,0.1,diciembre,2021
Entrada (ensalada o sopa) - para almuerzo G,0.0,diciembre,2021
Postre - para almuerzo G,0.0,diciembre,2021
Promoción de comida rápida G,0.7,diciembre,2021
G,0.0,diciembre,2021
G,0.0,diciembre,2021
Pollo asado entero G,2.0,diciembre,2021
Empanada de horno G,1.5,diciembre,2021
Colación o menú del día o almuerzo ejecutivo G,4.5,diciembre,2021
Plato de fondo - para almuerzo G,0.8,diciembre,2021
Arroz,-0.5,diciembre,2021
Pan corriente sin envasar,1.3,diciembre,2021
Espiral,2.9,diciembre,2021
Galleta dulce,1.0,diciembre,2021
Galleta no dulce,1.0,diciembre,2021
Torta 15 o 20 personas,-0.2,diciembre,2021
Prepizza familiar,-1.0,diciembre,2021
Harina de trigo,1.8,diciembre,2021
Avena,2.7,diciembre,2021
Asiento,1.3,diciembre,2021
Carne molida,1.3,diciembre,2021
Chuleta de cerdo centro o vetada,0.2,diciembre,2021
Costillar de cerdo,0.2,diciembre,2021
Pulpa de cerdo,0.2,diciembre,2021
Carne de pavo molida,-0.8,diciembre,2021
Pechuga de pollo,3.5,diciembre,2021
Pollo entero,3.5,diciembre,2021
Trutro de pollo,3.5,diciembre,2021
Pulpa de cordero fresco o refrigerado,1.5,diciembre,2021
Salchicha y vienesa de ave,1.1,diciembre,2021
Salchicha y vienesa tradicional,1.1,diciembre,2021
Longaniza,1.1,diciembre,2021
Jamón de cerdo,0.8,diciembre,2021
Pate,0.8,diciembre,2021
Merluza fresca o refrigerada,-6.7,diciembre,2021
Choritos frescos o refrigerados en su concha,0.3,diciembre,2021
Jurel en conserva,-1.0,diciembre,2021
Surtido en conserva,-0.6,diciembre,2021
Leche líquida entera,0.7,diciembre,2021
Leche en polvo entera instantánea,-2.0,diciembre,2021
Yogurt,0.8,diciembre,2021
Queso Gouda,0.5,diciembre,2021
Quesillo y queso fresco con sal,0.5,diciembre,2021
Queso crema,0.5,diciembre,2021
Huevo de gallina,1.9,diciembre,2021
Mantequilla con sal,-0.3,diciembre,2021
Margarina,1.1,diciembre,2021
Aceite vegetal combinado o puro,0.8,diciembre,2021
Plátano,-3.2,diciembre,2021
Manzana,6.2,diciembre,2021
Maní salado,-0.6,diciembre,2021
Poroto,0.8,diciembre,2021
Lenteja,0.8,diciembre,2021
Lechuga,-0.3,diciembre,2021
Zapallo,1.3,diciembre,2021
Limón,23.8,diciembre,2021
Palta,-0.8,diciembre,2021
Tomate,-11.0,diciembre,2021
Zanahoria,-2.8,diciembre,2021
Cebolla nueva,-0.5,diciembre,2021
Choclo congelado,1.7,diciembre,2021
Papa de guarda,-1.4,diciembre,2021
Azúcar,1.9,diciembre,2021
Chocolate,0.7,diciembre,2021
Caramelo,-0.7,diciembre,2021
Helado familiar 1 sabor,0.1,diciembre,2021
Salsa de tomate,-0.6,diciembre,2021
Sucedáneo de café,3.0,diciembre,2021
Te para preparar,-0.3,diciembre,2021
Agua mineral,-1.4,diciembre,2021
Bebida gaseosa tradicional,1.0,diciembre,2021
Bebida energizante,0.5,diciembre,2021
Refresco isotónico,0.5,diciembre,2021
Jugo liquido,-1.8,diciembre,2021
Néctar liquido,-1.8,diciembre,2021
Refresco en polvo,2.3,diciembre,2021
Completo,0.8,diciembre,2021
Papas fritas,2.0,diciembre,2021
Té corriente (según establecimiento) - para desayuno,1.4,diciembre,2021
Biscochos dulces y medialunas - para desayuno,1.4,diciembre,2021
Entrada (ensalada o sopa) - para almuerzo,1.4,diciembre,2021
Postre - para almuerzo,1.4,diciembre,2021
Promoción de comida rápida,1.4,diciembre,2021
desayuno,1.4,diciembre,2021
Aliado (jamón queso) o barros Jarpa - para once,1.4,diciembre,2021
Pollo asado entero,2.0,diciembre,2021
Empanada de horno,2.0,diciembre,2021
Colación o menú del día o almuerzo ejecutivo,1.4,diciembre,2021
Plato de fondo - para almuerzo,1.4,diciembre,2021
"del estrato de referencia, formado por",4.43,diciembre,2022
"precios de abril de 2012, la línea de pobreza alcanzó $368.389 para el hogar medio de",4.43,diciembre,2022
ponderador utilizado es,0.7,diciembre,2022
"para el hogar medio del estrato de referencia, de",4.43,diciembre,2022
para zonas urbanas y de,1.75,diciembre,2022
apartado anterior. Esta cifra representa una variación mensual de,1.3,diciembre,2022
de,28.2,diciembre,2022
mensual para ambas líneas de,0.6,diciembre,2022
meses de,17.3,diciembre,2022
variación mensual de,0.6,diciembre,2022
"4,0",3.6,diciembre,2022
"2,0",1.9,diciembre,2022
"1,0",1.0,diciembre,2022
"0,7",0.6,diciembre,2022
"0,0",0.0,diciembre,2022
"-0,8",-0.7,diciembre,2022
"Con respecto a la variación a doce meses (Gráfico 4), la CBA aumentó en",28.2,diciembre,2022
"que también afectan la línea de la pobreza, se encuentra una variación de",9.3,diciembre,2022
"de la CBA en el mismo periodo, ubicándose en",17.3,diciembre,2022
"9,3",9.1,diciembre,2022
"10,0",5.9,diciembre,2022
"5,0",2.8,diciembre,2022
• La variación mensual registrada por el valor de la canasta básica de alimentos fue,1.3,diciembre,2022
persona equivalente alcanzó un,0.6,diciembre,2022
y Bebidas No Alcohólicas varió un,1.1,diciembre,2022
el IPC fue de,0.3,diciembre,2022
• La variación acumulada de la canasta básica de alimentos en lo que va del año fue de,28.2,diciembre,2022
para las líneas de pobreza y pobreza extrema por persona equivalente fue de,17.3,diciembre,2022
del Índice de Alimentos y Bebidas No Alcohólicas el aumento fue de,24.7,diciembre,2022
variación registrada por el IPC alcanzó un,12.8,diciembre,2022
CBA,1.3,diciembre,2022
LP por persona equivalente,0.6,diciembre,2022
LPE por persona equivalente,0.6,diciembre,2022
"1,1",24.7,diciembre,2022
IPC,0.3,diciembre,2022
"de los productos que componen la CBA (65 de un total de 79). En promedio, lo hicieron en",2.2,diciembre,2022
fluctuaron entre,24.9,diciembre,2022
"24,9%,",17.7,diciembre,2022
Limón,24.9,diciembre,2022
Manzana,17.7,diciembre,2022
Choclo congelado,6.3,diciembre,2022
Papa de guarda,5.6,diciembre,2022
Zapallo,-1.4,diciembre,2022
Plátano,-1.4,diciembre,2022
Huevo de gallina,-2.7,diciembre,2022
Tomate,-10.4,diciembre,2022
Zanahoria,-14.4,diciembre,2022
"En el caso de los productos que disminuyeron su valor (13 productos), lo hicieron en un",2.7,diciembre,2022
promedio y fluctuaron entre,-14.4,diciembre,2022
"de la zanahoria, tomate, huevo de gallina, que disminuyeron en",14.4,diciembre,2022
"respectivamente. Por su parte, tanto el plátano como el zapallo disminuyeron en",1.4,diciembre,2022
Arroz G,22.2,diciembre,2022
Pan corriente sin envasar G,151.2,diciembre,2022
Espiral G,20.2,diciembre,2022
Galleta dulce G,1.1,diciembre,2022
Galleta no dulce G,0.5,diciembre,2022
Torta 15 o 20 personas G,7.2,diciembre,2022
Prepizza familiar G,0.8,diciembre,2022
Harina de trigo G,10.2,diciembre,2022
Avena G,5.1,diciembre,2022
Asiento G,0.3,diciembre,2022
Carne molida G,4.9,diciembre,2022
Chuleta de cerdo centro o vetada G,3.9,diciembre,2022
Costillar de cerdo G,1.8,diciembre,2022
Pulpa de cerdo G,4.0,diciembre,2022
Carne de pavo molida G,1.2,diciembre,2022
Pechuga de pollo G,4.7,diciembre,2022
Pollo entero G,20.4,diciembre,2022
Trutro de pollo G,15.3,diciembre,2022
Pulpa de cordero fresco o refrigerado G,0.2,diciembre,2022
Salchicha y vienesa de ave G,2.3,diciembre,2022
Salchicha y vienesa tradicional G,0.2,diciembre,2022
Longaniza G,4.2,diciembre,2022
Jamón de cerdo G,9.4,diciembre,2022
Pate G,2.9,diciembre,2022
Merluza fresca o refrigerada G,8.1,diciembre,2022
Choritos frescos o refrigerados en su concha G,2.7,diciembre,2022
Jurel en conserva G,18.8,diciembre,2022
Surtido en conserva G,0.3,diciembre,2022
Leche líquida entera CC,73.7,diciembre,2022
Leche en polvo entera instantánea G,3.2,diciembre,2022
Yogurt G,20.8,diciembre,2022
Queso Gouda G,4.3,diciembre,2022
Quesillo y queso fresco con sal G,0.9,diciembre,2022
Queso crema G,0.3,diciembre,2022
Huevo de gallina G,13.1,diciembre,2022
Mantequilla con sal G,1.2,diciembre,2022
Margarina G,3.6,diciembre,2022
Aceite vegetal combinado o puro CC,15.7,diciembre,2022
Plátano G,110.2,diciembre,2022
Manzana G,51.1,diciembre,2022
Maní salado G,0.4,diciembre,2022
Poroto G,13.1,diciembre,2022
Lenteja G,1.7,diciembre,2022
Lechuga G,25.2,diciembre,2022
Zapallo G,14.2,diciembre,2022
Limón G,15.7,diciembre,2022
Palta G,12.5,diciembre,2022
Tomate G,44.6,diciembre,2022
Zanahoria G,6.3,diciembre,2022
Cebolla nueva G,17.5,diciembre,2022
Choclo congelado G,5.7,diciembre,2022
Papa de guarda G,121.5,diciembre,2022
Azúcar G,28.8,diciembre,2022
Chocolate G,0.9,diciembre,2022
Caramelo G,1.9,diciembre,2022
Helado familiar un sabor CC,9.3,diciembre,2022
Salsa de tomate G,20.1,diciembre,2022
Sucedáneo de café G,1.0,diciembre,2022
Te para preparar G,1.8,diciembre,2022
Agua mineral CC,9.4,diciembre,2022
Bebida gaseosa tradicional CC,46.9,diciembre,2022
Bebida energizante CC,0.1,diciembre,2022
Refresco isotónico CC,0.3,diciembre,2022
Jugo líquido CC,4.5,diciembre,2022
Néctar líquido CC,0.1,diciembre,2022
Refresco en polvo G,1.3,diciembre,2022
Completo G,6.4,diciembre,2022
Papas fritas G,0.8,diciembre,2022
G,1.3,diciembre,2022
G,0.1,diciembre,2022
Entrada (ensalada o sopa) - para almuerzo G,0.0,diciembre,2022
Postre - para almuerzo G,0.0,diciembre,2022
Promoción de comida rápida G,0.7,diciembre,2022
G,0.0,diciembre,2022
G,0.0,diciembre,2022
Pollo asado entero G,2.0,diciembre,2022
Empanada de horno G,1.5,diciembre,2022
Colación o menú del día o almuerzo ejecutivo G,4.5,diciembre,2022
Plato de fondo - para almuerzo G,0.8,diciembre,2022
Arroz,-0.5,diciembre,2022
Pan corriente sin envasar,0.2,diciembre,2022
Espiral,2.6,diciembre,2022
Galleta dulce,1.7,diciembre,2022
Galleta no dulce,1.7,diciembre,2022
Torta 15 o 20 personas,3.2,diciembre,2022
Prepizza familiar,3.2,diciembre,2022
Harina de trigo,2.7,diciembre,2022
Avena,1.9,diciembre,2022
Asiento,-0.8,diciembre,2022
Carne molida,-0.8,diciembre,2022
Chuleta de cerdo centro o vetada,1.6,diciembre,2022
Costillar de cerdo,1.6,diciembre,2022
Pulpa de cerdo,1.6,diciembre,2022
Carne de pavo molida,0.8,diciembre,2022
Pechuga de pollo,1.1,diciembre,2022
Pollo entero,1.1,diciembre,2022
Trutro de pollo,1.1,diciembre,2022
Pulpa de cordero fresco o refrigerado,0.3,diciembre,2022
Salchicha y vienesa de ave,1.1,diciembre,2022
Salchicha y vienesa tradicional,1.1,diciembre,2022
Longaniza,1.1,diciembre,2022
Jamón de cerdo,1.3,diciembre,2022
Pate,1.3,diciembre,2022
Merluza fresca o refrigerada,3.7,diciembre,2022
Choritos frescos o refrigerados en su concha,2.6,diciembre,2022
Jurel en conserva,1.8,diciembre,2022
Surtido en conserva,1.1,diciembre,2022
Leche líquida entera,0.0,diciembre,2022
Leche en polvo entera instantánea,-0.5,diciembre,2022
Yogurt,0.6,diciembre,2022
Queso Gouda,1.6,diciembre,2022
Quesillo y queso fresco con sal,1.6,diciembre,2022
Queso crema,1.6,diciembre,2022
Huevo de gallina,-2.7,diciembre,2022
Mantequilla con sal,2.9,diciembre,2022
Margarina,2.1,diciembre,2022
Aceite vegetal combinado o puro,0.3,diciembre,2022
Plátano,-1.4,diciembre,2022
Manzana,17.7,diciembre,2022
Maní salado,1.3,diciembre,2022
Poroto,2.8,diciembre,2022
Lenteja,2.8,diciembre,2022
Lechuga,4.7,diciembre,2022
Zapallo,-1.4,diciembre,2022
Limón,24.9,diciembre,2022
Palta,1.8,diciembre,2022
Tomate,-10.4,diciembre,2022
Zanahoria,-14.4,diciembre,2022
Cebolla nueva,0.8,diciembre,2022
Choclo congelado,6.3,diciembre,2022
Papa de guarda,5.6,diciembre,2022
Azúcar,0.1,diciembre,2022
Chocolate,0.6,diciembre,2022
Caramelo,0.7,diciembre,2022
Helado familiar 1 sabor,-0.2,diciembre,2022
Salsa de tomate,1.0,diciembre,2022
Sucedáneo de café,1.7,diciembre,2022
Te para preparar,0.1,diciembre,2022
Agua mineral,2.2,diciembre,2022
Bebida gaseosa tradicional,4.8,diciembre,2022
Bebida energizante,-0.7,diciembre,2022
Refresco isotónico,-0.7,diciembre,2022
Jugo liquido,1.6,diciembre,2022
Néctar liquido,1.6,diciembre,2022
Refresco en polvo,-1.1,diciembre,2022
Completo,1.2,diciembre,2022
Papas fritas,0.3,diciembre,2022
Té corriente (según establecimiento) - para desayuno,0.7,diciembre,2022
Biscochos dulces y medialunas - para desayuno,0.7,diciembre,2022
Entrada (ensalada o sopa) - para almuerzo,0.7,diciembre,2022
Postre - para almuerzo,0.7,diciembre,2022
Promoción de comida rápida,0.7,diciembre,2022
desayuno,0.7,diciembre,2022
Aliado (jamón queso) o barros Jarpa - para once,0.7,diciembre,2022
Pollo asado entero,0.3,diciembre,2022
Empanada de horno,0.3,diciembre,2022
Colación o menú del día o almuerzo ejecutivo,0.7,diciembre,2022
Plato de fondo - para almuerzo,0.7,diciembre,2022
"del estrato de referencia, formado por",4.43,diciembre,2023
"la aplicación de la metodología a los datos de la VII EPF, fue de",2.68,diciembre,2023
ponderador utilizado es,0.7,diciembre,2023
7 La metodología tradicional consideraba un valor del coeficiente de Orshansky de 2 para zonas urbanas y de,1.75,diciembre,2023
"para el hogar medio del estrato de referencia, de",4.43,diciembre,2023
el apartado anterior. Esta cifra representa una variación mensual de,-0.9,diciembre,2023
acumulada de,6.6,diciembre,2023
mensual para ambas líneas de,-0.7,diciembre,2023
meses de,4.8,diciembre,2023
"línea de pobreza, se observa una variación mensual de",-0.7,diciembre,2023
"diciembre de 2023, el IPC del resto de los productos tuvo una variación de",-0.6,diciembre,2023
"4,5",4.0,diciembre,2023
"3,5",2.9,diciembre,2023
"2,5",2.0,diciembre,2023
"1,5",1.3,diciembre,2023
"-0,5",-0.6,diciembre,2023
"-1,0",-1.6,diciembre,2023
"-0,9",-2.0,diciembre,2023
"Con respecto a la variación a doce meses (Gráfico 4), la CBA aumentó en",6.6,diciembre,2023
"alimentarios, que también afectan la línea de la pobreza, se encuentra una variación de",3.2,diciembre,2023
"de la CBA en el mismo periodo, ubicándose en",4.8,diciembre,2023
"9,3",9.1,diciembre,2023
"5,0",6.1,diciembre,2023
"0,0",1.3,diciembre,2023
 La variación mensual registrada por el valor de la canasta básica de alimentos fue,-0.9,diciembre,2023
persona equivalente alcanzó un,-0.7,diciembre,2023
y Bebidas No Alcohólicas presentó una variación de,-0.8,diciembre,2023
experimentada por el IPC fue de,-0.5,diciembre,2023
 La variación acumulada de la canasta básica de alimentos en lo que va del año fue de,6.6,diciembre,2023
para las líneas de pobreza y pobreza extrema por persona equivalente fue de,4.8,diciembre,2023
"del Índice de Alimentos y Bebidas No Alcohólicas, el aumento acumulado fue de",5.2,diciembre,2023
que la variación registrada por el IPC alcanzó un,3.9,diciembre,2023
CBA,-0.9,diciembre,2023
LP por persona equivalente,-0.7,diciembre,2023
LPE por persona equivalente,-0.7,diciembre,2023
"-0,8",5.2,diciembre,2023
IPC,-0.5,diciembre,2023
"de los productos que componen la CBA (48 de un total de 79). En promedio, lo hicieron en",1.8,diciembre,2023
fluctuaron entre,9.6,diciembre,2023
"manzana y el zapallo, que mostraron variaciones mensuales de",9.6,diciembre,2023
"En el caso de los espirales y la carne molida de pavo, la variación mensual alcanza al",6.6,diciembre,2023
Limón,9.6,diciembre,2023
Manzana,9.0,diciembre,2023
Espiral,6.6,diciembre,2023
Zapallo,5.6,diciembre,2023
Carne de pavo molida,5.0,diciembre,2023
Huevo de gallina,-2.7,diciembre,2023
Agua mineral,-2.9,diciembre,2023
Tomate,-5.5,diciembre,2023
Lechuga,-5.8,diciembre,2023
Papa de guarda,-16.0,diciembre,2023
"En el caso de los productos que disminuyeron su valor (31 productos), lo hicieron en un",2.0,diciembre,2023
promedio y fluctuaron entre,-16.0,diciembre,2023
"caso de verduras como la papa de guarda, la lechuga y el tomate que disminuyeron en",16.0,diciembre,2023
y,5.5,diciembre,2023
y,2.7,diciembre,2023
Arroz G,22.2,diciembre,2023
Pan corriente sin envasar G,151.2,diciembre,2023
Espiral G,20.2,diciembre,2023
Galleta dulce G,1.1,diciembre,2023
Galleta no dulce G,0.5,diciembre,2023
Torta 15 o 20 personas G,7.2,diciembre,2023
Prepizza familiar G,0.8,diciembre,2023
Harina de trigo G,10.2,diciembre,2023
Avena G,5.1,diciembre,2023
Asiento G,0.3,diciembre,2023
Carne molida G,4.9,diciembre,2023
Chuleta de cerdo centro o vetada G,3.9,diciembre,2023
Costillar de cerdo G,1.8,diciembre,2023
Pulpa de cerdo G 4,5.2,diciembre,2023
Carne de pavo molida G,1.2,diciembre,2023
Pechuga de pollo G,4.7,diciembre,2023
Pollo entero G,20.4,diciembre,2023
Trutro de pollo G,15.3,diciembre,2023
Pulpa de cordero fresco o refrigerado G,0.2,diciembre,2023
Salchicha y vienesa de ave G,2.3,diciembre,2023
Salchicha y vienesa tradicional G,0.2,diciembre,2023
Longaniza G,4.2,diciembre,2023
Jamón de cerdo G,9.4,diciembre,2023
Pate G,2.9,diciembre,2023
Merluza fresca o refrigerada G,8.1,diciembre,2023
Choritos frescos o refrigerados en su concha G,2.7,diciembre,2023
Jurel en conserva G,18.8,diciembre,2023
Surtido en conserva G,0.3,diciembre,2023
Leche líquida entera CC,73.7,diciembre,2023
Leche en polvo entera instantánea G,3.2,diciembre,2023
Yogurt G,20.8,diciembre,2023
Queso Gouda G,4.3,diciembre,2023
Quesillo y queso fresco con sal G,0.9,diciembre,2023
Queso crema G,0.3,diciembre,2023
Huevo de gallina G,13.1,diciembre,2023
Mantequilla con sal G,1.2,diciembre,2023
Margarina G,3.6,diciembre,2023
Aceite vegetal combinado o puro CC,15.7,diciembre,2023
Plátano G,110.2,diciembre,2023
Manzana G,51.1,diciembre,2023
Maní salado G,0.4,diciembre,2023
Poroto G,13.1,diciembre,2023
Lenteja G,1.7,diciembre,2023
Lechuga G,25.2,diciembre,2023
Zapallo G,14.2,diciembre,2023
Limón G,15.7,diciembre,2023
Palta G,12.5,diciembre,2023
Tomate G,44.6,diciembre,2023
Zanahoria G,6.3,diciembre,2023
Cebolla nueva G,17.5,diciembre,2023
Choclo congelado G,5.7,diciembre,2023
Papa de guarda G,121.5,diciembre,2023
Azúcar G,28.8,diciembre,2023
Chocolate G,0.9,diciembre,2023
Caramelo G,1.9,diciembre,2023
Helado familiar un sabor CC,9.3,diciembre,2023
Salsa de tomate G,20.1,diciembre,2023
Te para preparar G,1.8,diciembre,2023
Agua mineral CC,9.4,diciembre,2023
Bebida gaseosa tradicional CC,46.9,diciembre,2023
Bebida energizante CC,0.1,diciembre,2023
Refresco isotónico CC,0.3,diciembre,2023
Jugo líquido CC,4.5,diciembre,2023
Néctar líquido CC,0.1,diciembre,2023
Refresco en polvo G,1.3,diciembre,2023
Completo G,6.4,diciembre,2023
Papas fritas G,0.8,diciembre,2023
G,1.3,diciembre,2023
Biscochos dulces y medialunas - para desayuno G,0.1,diciembre,2023
Entrada (ensalada o sopa) - para almuerzo G 0 0,6.3,diciembre,2023
Postre - para almuerzo G 0 0,0.5,diciembre,2023
Promoción de comida rápida G,0.7,diciembre,2023
G 0,0.1,diciembre,2023
G 0,0.1,diciembre,2023
Pollo asado entero G 2,3.7,diciembre,2023
Empanada de horno G,1.5,diciembre,2023
Colación o menú del día o almuerzo ejecutivo G,4.5,diciembre,2023
Plato de fondo - para almuerzo G,0.8,diciembre,2023
Arroz,0.4,diciembre,2023
Pan corriente sin envasar,-1.5,diciembre,2023
Espiral,6.6,diciembre,2023
Galleta dulce,0.7,diciembre,2023
Galleta no dulce,0.7,diciembre,2023
Torta 15 o 20 personas,0.6,diciembre,2023
Prepizza familiar,-0.7,diciembre,2023
Harina de trigo,1.5,diciembre,2023
Avena,-0.3,diciembre,2023
Asiento,-1.1,diciembre,2023
Carne molida,-1.1,diciembre,2023
Chuleta de cerdo centro o vetada,-0.1,diciembre,2023
Costillar de cerdo,-0.1,diciembre,2023
Pulpa de cerdo,-0.1,diciembre,2023
Pechuga de pollo,0.8,diciembre,2023
Pollo entero,0.8,diciembre,2023
Trutro de pollo,0.8,diciembre,2023
Pulpa de cordero fresco o refrigerado,-0.1,diciembre,2023
Salchicha y vienesa de ave,0.4,diciembre,2023
Salchicha y vienesa tradicional,0.4,diciembre,2023
Longaniza,0.4,diciembre,2023
Jamón de cerdo,1.3,diciembre,2023
Pate,1.3,diciembre,2023
Merluza fresca o refrigerada,0.9,diciembre,2023
Choritos frescos o refrigerados en su concha,-2.5,diciembre,2023
Jurel en conserva,-1.8,diciembre,2023
Surtido en conserva,4.2,diciembre,2023
Leche líquida entera,-1.7,diciembre,2023
Leche en polvo entera instantánea,-1.2,diciembre,2023
Yogurt,-0.4,diciembre,2023
Queso Gouda,-1.6,diciembre,2023
Quesillo y queso fresco con sal,-1.6,diciembre,2023
Queso crema,-1.6,diciembre,2023
Huevo de gallina,-2.7,diciembre,2023
Mantequilla con sal,0.2,diciembre,2023
Margarina,1.4,diciembre,2023
Aceite vegetal combinado o puro,-1.3,diciembre,2023
Plátano,1.1,diciembre,2023
Maní salado,-1.2,diciembre,2023
Poroto,0.6,diciembre,2023
Lenteja,0.6,diciembre,2023
Lechuga,-5.8,diciembre,2023
Zapallo,5.6,diciembre,2023
Limón,9.6,diciembre,2023
Palta,1.3,diciembre,2023
Tomate,-5.5,diciembre,2023
Zanahoria,4.2,diciembre,2023
Cebolla nueva,-2.2,diciembre,2023
Choclo congelado,0.9,diciembre,2023
Azúcar,2.1,diciembre,2023
Chocolate,0.1,diciembre,2023
Caramelo,-0.7,diciembre,2023
Helado familiar 1 sabor,-2.5,diciembre,2023
Salsa de tomate,1.1,diciembre,2023
Sucedáneo de café,1.3,diciembre,2023
Te para preparar,4.5,diciembre,2023
Agua mineral,-2.9,diciembre,2023
Bebida gaseosa tradicional,-1.5,diciembre,2023
Bebida energizante,0.7,diciembre,2023
Refresco isotónico,0.7,diciembre,2023
Jugo liquido,-0.4,diciembre,2023
Néctar liquido,-0.4,diciembre,2023
Refresco en polvo,-0.8,diciembre,2023
Completo,0.7,diciembre,2023
Papas fritas,0.5,diciembre,2023
Biscochos dulces y medialunas - para desayuno,1.3,diciembre,2023
Entrada (ensalada o sopa) - para almuerzo,1.3,diciembre,2023
Postre - para almuerzo,1.3,diciembre,2023
Promoción de comida rápida,1.3,diciembre,2023
Aliado (jamón queso) o barros Jarpa - para once,1.3,diciembre,2023
Pollo asado entero,0.5,diciembre,2023
Empanada de horno,0.5,diciembre,2023
Colación o menú del día o almuerzo ejecutivo,1.3,diciembre,2023
Plato de fondo - para almuerzo,1.3,diciembre,2023
"promedio del estrato de referencia, formado por",4.43,diciembre,2024
"la aplicación de la metodología a los datos de la VII EPF, fue de",2.68,diciembre,2024
ponderador utilizado es,0.7,diciembre,2024
7 La metodología tradicional consideraba un valor del coeficiente de Orshansky de 2 para zonas urbanas y de,1.75,diciembre,2024
"para el hogar medio del estrato de referencia, de",4.43,diciembre,2024
apartado anterior. Esta cifra representa una variación mensual de,-2.2,diciembre,2024
de,0.1,diciembre,2024
mensual para ambas líneas de,-1.0,diciembre,2024
meses de,2.5,diciembre,2024
"En el caso de la línea de pobreza, se observa una variación mensual de",-1.0,diciembre,2024
de,0.1,diciembre,2024
"4,5",4.0,diciembre,2024
"4,0",2.9,diciembre,2024
"3,0",2.0,diciembre,2024
"1,0",0.4,diciembre,2024
"0,0",-0.1,diciembre,2024
"-0,5",-1.0,diciembre,2024
"-1,0",-1.3,diciembre,2024
"-1,5",-1.6,diciembre,2024
"-2,0 CBA LP IPC Resto",-1.8,diciembre,2024
"Con respecto a la variación a doce meses (Gráfico 4), la CBA aumentó en",0.1,diciembre,2024
"alimentarios, que también afectan la línea de la pobreza, se encuentra una variación de",4.6,diciembre,2024
"la CBA en el mismo periodo, ubicándose en",2.5,diciembre,2024
"30,0",28.2,diciembre,2024
"9,3",9.1,diciembre,2024
"5,0",4.6,diciembre,2024
"2,8",2.5,diciembre,2024
"0,0",1.3,diciembre,2024
• La variación mensual registrada por el valor de la canasta básica de alimentos fue,-2.2,diciembre,2024
persona equivalente alcanzó un,-1.0,diciembre,2024
y Bebidas No Alcohólicas presentó una variación de,-0.9,diciembre,2024
experimentada por el IPC fue de,-0.2,diciembre,2024
• La variación acumulada de la canasta básica de alimentos en lo que va del año fue de,0.1,diciembre,2024
para las líneas de pobreza y pobreza extrema por persona equivalente fue de,2.5,diciembre,2024
"del Índice de Alimentos y Bebidas No Alcohólicas, el aumento acumulado fue de",3.5,diciembre,2024
que la variación registrada por el IPC17 alcanzó un,4.5,diciembre,2024
CBA,-2.2,diciembre,2024
LP por persona equivalente,-1.0,diciembre,2024
LPE por persona equivalente,-1.0,diciembre,2024
Índice de Alimentos y Bebidas no Alcohólicas,-0.9,diciembre,2024
IPC,-0.2,diciembre,2024
"de los productos que componen la CBA (44 de un total de 79). En promedio, lo hicieron en",1.6,diciembre,2024
fluctuaron entre,9.6,diciembre,2024
"limón, que mostraron variaciones mensuales de",9.6,diciembre,2024
Sucedáneo de café,9.6,diciembre,2024
Manzana,6.2,diciembre,2024
Limón,6.0,diciembre,2024
Helado familiar 1 sabor,-4.1,diciembre,2024
Choclo congelado,-9.7,diciembre,2024
Plátano,-10.6,diciembre,2024
Tomate,-15.7,diciembre,2024
Papa de guarda,-16.6,diciembre,2024
"En el caso de los 27 productos que disminuyeron su valor, lo hicieron en un",3.4,diciembre,2024
fluctuaron entre,-16.6,diciembre,2024
disminuyeron en,16.6,diciembre,2024
Arroz G,22.2,diciembre,2024
Pan corriente sin envasar G,151.2,diciembre,2024
Espiral G,20.2,diciembre,2024
Galleta dulce G,1.1,diciembre,2024
Galleta no dulce G,0.5,diciembre,2024
Torta 15 o 20 personas G,7.2,diciembre,2024
Prepizza familiar G,0.8,diciembre,2024
Harina de trigo G,10.2,diciembre,2024
Avena G,5.1,diciembre,2024
Asiento G,0.3,diciembre,2024
Carne molida G,4.9,diciembre,2024
Chuleta de cerdo centro o vetada G,3.9,diciembre,2024
Costillar de cerdo G,1.8,diciembre,2024
Pulpa de cerdo G,4.0,diciembre,2024
Carne de pavo molida G,1.2,diciembre,2024
Pechuga de pollo G,4.7,diciembre,2024
Pollo entero G,20.4,diciembre,2024
Trutro de pollo G,15.3,diciembre,2024
Pulpa de cordero fresco o refrigerado G,0.2,diciembre,2024
Salchicha y vienesa de ave G,2.3,diciembre,2024
Salchicha y vienesa tradicional G,0.2,diciembre,2024
Longaniza G,4.2,diciembre,2024
Jamón de cerdo G,9.4,diciembre,2024
Pate G,2.9,diciembre,2024
Merluza fresca o refrigerada G,8.1,diciembre,2024
Choritos frescos o refrigerados en su concha G,2.7,diciembre,2024
Jurel en conserva G,18.8,diciembre,2024
Surtido en conserva G,0.3,diciembre,2024
Leche líquida entera CC,73.7,diciembre,2024
Leche en polvo entera instantánea G,3.2,diciembre,2024
Yogurt G,20.8,diciembre,2024
Queso Gouda G,4.3,diciembre,2024
Quesillo y queso fresco con sal G,0.9,diciembre,2024
Queso crema G,0.3,diciembre,2024
Huevo de gallina G,13.1,diciembre,2024
Mantequilla con sal G,1.2,diciembre,2024
Margarina G,3.6,diciembre,2024
Aceite vegetal combinado o puro CC,15.7,diciembre,2024
Plátano G,110.2,diciembre,2024
Manzana G,51.1,diciembre,2024
Maní salado G,0.4,diciembre,2024
Poroto G,13.1,diciembre,2024
Lenteja G,1.7,diciembre,2024
Lechuga G,25.2,diciembre,2024
Zapallo G,14.2,diciembre,2024
Limón G,15.7,diciembre,2024
Palta G,12.5,diciembre,2024
Tomate G,44.6,diciembre,2024
Zanahoria G,6.3,diciembre,2024
Cebolla nueva G,17.5,diciembre,2024
Choclo congelado G,5.7,diciembre,2024
Papa de guarda G,121.5,diciembre,2024
Azúcar G,28.8,diciembre,2024
Chocolate G,0.9,diciembre,2024
Caramelo G,1.9,diciembre,2024
Helado familiar un sabor CC,9.3,diciembre,2024
Salsa de tomate G,20.1,diciembre,2024
Sucedáneo de café G,1.0,diciembre,2024
Te para preparar G,1.8,diciembre,2024
Agua mineral CC,9.4,diciembre,2024
Bebida gaseosa tradicional CC,46.9,diciembre,2024
Bebida energizante CC,0.1,diciembre,2024
Refresco isotónico CC,0.3,diciembre,2024
Jugo líquido CC,4.5,diciembre,2024
Néctar líquido CC,0.1,diciembre,2024
Refresco en polvo G,1.3,diciembre,2024
Completo G,6.4,diciembre,2024
Papas fritas G,0.8,diciembre,2024
Té corriente (según establecimiento) - para desayuno G,1.3,diciembre,2024
Biscochos dulces y medialunas - para desayuno G,0.1,diciembre,2024
Entrada (ensalada o sopa) - para almuerzo G,0.0,diciembre,2024
Postre - para almuerzo G,0.0,diciembre,2024
Promoción de comida rápida G,0.7,diciembre,2024
Tostadas (palta o mantequilla o mermelada o mezcla G,0.0,diciembre,2024
Aliado (jamón queso) o Barros Jarpa - para once G,0.0,diciembre,2024
Pollo asado entero G,2.0,diciembre,2024
Empanada de horno G,1.5,diciembre,2024
Colación o menú del día o almuerzo ejecutivo G,4.5,diciembre,2024
Plato de fondo - para almuerzo G,0.8,diciembre,2024
Arroz,-0.1,diciembre,2024
Pan corriente sin envasar,-2.6,diciembre,2024
Espiral,1.4,diciembre,2024
Galleta dulce,1.0,diciembre,2024
Galleta no dulce,1.0,diciembre,2024
Torta 15 o 20 personas,2.2,diciembre,2024
Prepizza familiar,1.1,diciembre,2024
Harina de trigo,-0.7,diciembre,2024
Avena,-1.8,diciembre,2024
Asiento,1.5,diciembre,2024
Carne molida,1.5,diciembre,2024
Chuleta de cerdo centro o vetada,1.1,diciembre,2024
Costillar de cerdo,1.1,diciembre,2024
Pulpa de cerdo,1.1,diciembre,2024
Carne de pavo molida,1.5,diciembre,2024
Pechuga de pollo,1.9,diciembre,2024
Pollo entero,1.9,diciembre,2024
Trutro de pollo,1.9,diciembre,2024
Pulpa de cordero fresco o refrigerado,1.2,diciembre,2024
Salchicha y vienesa de ave,0.0,diciembre,2024
Salchicha y vienesa tradicional,0.0,diciembre,2024
Longaniza,0.0,diciembre,2024
Jamón de cerdo,-0.3,diciembre,2024
Pate,-0.3,diciembre,2024
Merluza fresca o refrigerada,-1.5,diciembre,2024
Choritos frescos o refrigerados en su concha,0.0,diciembre,2024
Jurel en conserva,-3.7,diciembre,2024
Surtido en conserva,-2.8,diciembre,2024
Leche líquida entera,-0.4,diciembre,2024
Leche en polvo entera instantánea,-2.3,diciembre,2024
Yogurt,0.0,diciembre,2024
Queso Gouda,0.6,diciembre,2024
Quesillo y queso fresco con sal,0.6,diciembre,2024
Queso crema,0.6,diciembre,2024
Huevo de gallina,-1.4,diciembre,2024
Mantequilla con sal,-0.7,diciembre,2024
Margarina,2.8,diciembre,2024
Aceite vegetal combinado o puro,-0.6,diciembre,2024
Plátano,-10.6,diciembre,2024
Manzana,6.2,diciembre,2024
Maní salado,0.5,diciembre,2024
Poroto,0.0,diciembre,2024
Lenteja,0.0,diciembre,2024
Lechuga,-3.5,diciembre,2024
Zapallo,1.1,diciembre,2024
Limón,6.0,diciembre,2024
Palta,-0.7,diciembre,2024
Tomate,-15.7,diciembre,2024
Zanahoria,-1.6,diciembre,2024
Cebolla nueva,-2.8,diciembre,2024
Choclo congelado,-9.7,diciembre,2024
Papa de guarda,-16.6,diciembre,2024
Azúcar,-1.7,diciembre,2024
Chocolate,0.0,diciembre,2024
Caramelo,-0.4,diciembre,2024
Helado familiar 1 sabor,-4.1,diciembre,2024
Salsa de tomate,0.6,diciembre,2024
Sucedáneo de café,9.6,diciembre,2024
Te para preparar,1.8,diciembre,2024
Agua mineral,-2.7,diciembre,2024
Bebida gaseosa tradicional,-1.9,diciembre,2024
Bebida energizante,1.3,diciembre,2024
Refresco isotónico,1.3,diciembre,2024
Jugo liquido,3.0,diciembre,2024
Néctar liquido,3.0,diciembre,2024
Refresco en polvo,0.4,diciembre,2024
Completo,0.7,diciembre,2024
Papas fritas,0.4,diciembre,2024
Té corriente ( según establecimiento) - para desayuno,0.7,diciembre,2024
Biscochos dulces y medialunas - para desayuno,0.7,diciembre,2024
Entrada (ensalada o sopa) - para almuerzo,0.7,diciembre,2024
Postre - para almuerzo,0.7,diciembre,2024
Promoción de comida rápida,0.7,diciembre,2024
Tostadas (palta o mantequilla o mermelada o mezcla de estas) - para desayuno,0.7,diciembre,2024
Aliado (jamón queso) o barros Jarpa - para once,0.7,diciembre,2024
Pollo asado entero,0.4,diciembre,2024
Empanada de horno,0.4,diciembre,2024
Colación o menú del día o almuerzo ejecutivo,0.7,diciembre,2024
Plato de fondo - para almuerzo,0.7,diciembre,2024
"promedio del estrato de referencia, formado por",4.43,enero,2025
"la aplicación de la metodología a los datos de la VII EPF, fue de",2.68,enero,2025
ponderador utilizado es,0.7,enero,2025
7 La metodología tradicional consideraba un valor del coeficiente de Orshansky de 2 para zonas urbanas y de,1.75,enero,2025
"para el hogar medio del estrato de referencia, de",4.43,enero,2025
apartado anterior. Esta cifra representa una variación mensual de,0.6,enero,2025
de,0.2,enero,2025
mensual para ambas líneas de,1.0,enero,2025
de,2.9,enero,2025
"caso de la línea de pobreza, se observa una variación mensual de",1.0,enero,2025
"durante el mes de enero de 2025, el IPC del resto de los productos tuvo una variación de",1.3,enero,2025
"4,5",4.0,enero,2025
"3,5",2.9,enero,2025
"3,0",2.0,enero,2025
"1,0",1.0,enero,2025
"0,5",0.6,enero,2025
"-1,0",-1.6,enero,2025
"-1,5",-1.8,enero,2025
"-2,5 CBA LP IPC Resto",-2.2,enero,2025
"Con respecto a la variación a doce meses (Gráfico 4), la CBA aumentó en",0.2,enero,2025
"alimentarios, que también afectan la línea de la pobreza, se encuentra una variación de",5.3,enero,2025
"la CBA en el mismo periodo, ubicándose en",2.9,enero,2025
"30,0",28.2,enero,2025
"20,0",17.3,enero,2025
"0,0",0.2,enero,2025
• La variación mensual registrada por el valor de la canasta básica de alimentos fue,0.6,enero,2025
persona equivalente alcanzó un,1.0,enero,2025
y Bebidas No Alcohólicas presentó una variación de,0.4,enero,2025
experimentada por el IPC fue de,1.1,enero,2025
• La variación del costo de la canasta básica de alimentos en los últimos doce meses fue de,0.2,enero,2025
mientras que para la línea de pobreza por persona equivalente el cambio fue de un,2.9,enero,2025
caso del Índice de Alimentos y Bebidas No Alcohólicas fue de,3.0,enero,2025
registrada por el IPC alcanzó,4.9,enero,2025
CBA,0.6,enero,2025
LP por persona equivalente,1.0,enero,2025
LPE por persona equivalente,1.0,enero,2025
Índice de Alimentos y Bebidas no Alcohólicas,0.4,enero,2025
IPC,1.1,enero,2025
"productos que componen la CBA (52 de un total de 79). En promedio, lo hicieron en",2.1,enero,2025
fluctuaron entre,19.2,enero,2025
"congelado y la lechuga, que mostraron variaciones mensuales de",19.2,enero,2025
respectivamente. En el caso de la manzana y plátano la variación mensual alcanzó a,6.5,enero,2025
Limón,19.2,enero,2025
Choclo congelado,10.9,enero,2025
Lechuga,7.3,enero,2025
Manzana,6.5,enero,2025
Plátano,6.1,enero,2025
Huevo de gallina,-5.3,enero,2025
Zapallo,-5.7,enero,2025
Tomate,-6.7,enero,2025
Papa de guarda,-11.5,enero,2025
"En el caso de los 26 productos que disminuyeron su valor, lo hicieron en un",2.3,enero,2025
fluctuaron entre,11.5,enero,2025
"de guarda, tomate, zapallo y huevos de gallina que disminuyeron en",11.5,enero,2025
Arroz G,22.2,enero,2025
Pan corriente sin envasar G,151.2,enero,2025
Espiral G,20.2,enero,2025
Galleta dulce G,1.1,enero,2025
Galleta no dulce G,0.5,enero,2025
Torta 15 o 20 personas G,7.2,enero,2025
Prepizza familiar G,0.8,enero,2025
Harina de trigo G,10.2,enero,2025
Avena G,5.1,enero,2025
Asiento G,0.3,enero,2025
Carne molida G,4.9,enero,2025
Chuleta de cerdo centro o vetada G,3.9,enero,2025
Costillar de cerdo G,1.8,enero,2025
Pulpa de cerdo G,4.0,enero,2025
Carne de pavo molida G,1.2,enero,2025
Pechuga de pollo G,4.7,enero,2025
Pollo entero G,20.4,enero,2025
Trutro de pollo G,15.3,enero,2025
Pulpa de cordero fresco o refrigerado G,0.2,enero,2025
Salchicha y vienesa de ave G,2.3,enero,2025
Salchicha y vienesa tradicional G,0.2,enero,2025
Longaniza G,4.2,enero,2025
Jamón de cerdo G,9.4,enero,2025
Pate G,2.9,enero,2025
Merluza fresca o refrigerada G,8.1,enero,2025
Choritos frescos o refrigerados en su concha G,2.7,enero,2025
Jurel en conserva G,18.8,enero,2025
Surtido en conserva G,0.3,enero,2025
Leche líquida entera CC,73.7,enero,2025
Leche en polvo entera instantánea G,3.2,enero,2025
Yogurt G,20.8,enero,2025
Queso Gouda G,4.3,enero,2025
Quesillo y queso fresco con sal G,0.9,enero,2025
Queso crema G,0.3,enero,2025
Huevo de gallina G,13.1,enero,2025
Mantequilla con sal G,1.2,enero,2025
Margarina G,3.6,enero,2025
Aceite vegetal combinado o puro CC,15.7,enero,2025
Plátano G,110.2,enero,2025
Manzana G,51.1,enero,2025
Maní salado G,0.4,enero,2025
Poroto G,13.1,enero,2025
Lenteja G,1.7,enero,2025
Lechuga G,25.2,enero,2025
Zapallo G,14.2,enero,2025
Limón G,15.7,enero,2025
Palta G,12.5,enero,2025
Tomate G,44.6,enero,2025
Zanahoria G,6.3,enero,2025
Cebolla nueva G,17.5,enero,2025
Choclo congelado G,5.7,enero,2025
Papa de guarda G,121.5,enero,2025
Azúcar G,28.8,enero,2025
Chocolate G,0.9,enero,2025
Caramelo G,1.9,enero,2025
Helado familiar un sabor CC,9.3,enero,2025
Salsa de tomate G,20.1,enero,2025
Sucedáneo de café G,1.0,enero,2025
Te para preparar G,1.8,enero,2025
Agua mineral CC,9.4,enero,2025
Bebida gaseosa tradicional CC,46.9,enero,2025
Bebida energizante CC,0.1,enero,2025
Refresco isotónico CC,0.3,enero,2025
Jugo líquido CC,4.5,enero,2025
Néctar líquido CC,0.1,enero,2025
Refresco en polvo G,1.3,enero,2025
Completo G,6.4,enero,2025
Papas fritas G,0.8,enero,2025
Té corriente (según establecimiento) - para desayuno G,1.3,enero,2025
Biscochos dulces y medialunas - para desayuno G,0.1,enero,2025
Entrada (ensalada o sopa) - para almuerzo G,0.0,enero,2025
Postre - para almuerzo G,0.0,enero,2025
Promoción de comida rápida G,0.7,enero,2025
Tostadas (palta o mantequilla o mermelada o mezcla G,0.0,enero,2025
Aliado (jamón queso) o Barros Jarpa - para once G,0.0,enero,2025
Pollo asado entero G,2.0,enero,2025
Empanada de horno G,1.5,enero,2025
Colación o menú del día o almuerzo ejecutivo G,4.5,enero,2025
Plato de fondo - para almuerzo G,0.8,enero,2025
Arroz,-2.2,enero,2025
Pan corriente sin envasar,2.2,enero,2025
Espiral,1.2,enero,2025
Galleta dulce,-1.5,enero,2025
Galleta no dulce,-1.5,enero,2025
Torta 15 o 20 personas,2.3,enero,2025
Prepizza familiar,3.9,enero,2025
Harina de trigo,5.4,enero,2025
Avena,1.0,enero,2025
Asiento,3.5,enero,2025
Carne molida,3.5,enero,2025
Chuleta de cerdo centro o vetada,0.1,enero,2025
Costillar de cerdo,0.1,enero,2025
Pulpa de cerdo,0.1,enero,2025
Carne de pavo molida,0.4,enero,2025
Pechuga de pollo,1.5,enero,2025
Pollo entero,1.5,enero,2025
Trutro de pollo,1.5,enero,2025
Pulpa de cordero fresco o refrigerado,1.9,enero,2025
Salchicha y vienesa de ave,0.2,enero,2025
Salchicha y vienesa tradicional,0.2,enero,2025
Longaniza,0.2,enero,2025
Jamón de cerdo,0.1,enero,2025
Pate,0.1,enero,2025
Merluza fresca o refrigerada,0.1,enero,2025
Choritos frescos o refrigerados en su concha,-1.1,enero,2025
Jurel en conserva,0.2,enero,2025
Surtido en conserva,-1.3,enero,2025
Leche líquida entera,-2.2,enero,2025
Leche en polvo entera instantánea,-0.1,enero,2025
Yogurt,0.3,enero,2025
Queso Gouda,-1.3,enero,2025
Quesillo y queso fresco con sal,-1.3,enero,2025
Queso crema,-1.3,enero,2025
Huevo de gallina,-5.3,enero,2025
Mantequilla con sal,-0.2,enero,2025
Margarina,1.8,enero,2025
Aceite vegetal combinado o puro,0.9,enero,2025
Plátano,6.1,enero,2025
Manzana,6.5,enero,2025
Maní salado,-0.9,enero,2025
Poroto,2.9,enero,2025
Lenteja,2.9,enero,2025
Lechuga,7.3,enero,2025
Zapallo,-5.7,enero,2025
Limón,19.2,enero,2025
Palta,0.0,enero,2025
Tomate,-6.7,enero,2025
Zanahoria,1.3,enero,2025
Cebolla nueva,0.4,enero,2025
Choclo congelado,10.9,enero,2025
Papa de guarda,-11.5,enero,2025
Azúcar,0.9,enero,2025
Chocolate,0.9,enero,2025
Caramelo,1.5,enero,2025
Helado familiar 1 sabor,1.0,enero,2025
Salsa de tomate,-0.7,enero,2025
Sucedáneo de café,-0.1,enero,2025
Te para preparar,-2.8,enero,2025
Agua mineral,6.1,enero,2025
Bebida gaseosa tradicional,2.0,enero,2025
Bebida energizante,-1.0,enero,2025
Refresco isotónico,-1.0,enero,2025
Jugo liquido,-1.4,enero,2025
Néctar liquido,-1.4,enero,2025
Refresco en polvo,1.0,enero,2025
Completo,0.6,enero,2025
Papas fritas,-2.3,enero,2025
Té corriente ( según establecimiento) - para,0.6,enero,2025
Biscochos dulces y medialunas - para desayuno,0.6,enero,2025
Entrada (ensalada o sopa) - para almuerzo,0.6,enero,2025
Postre - para almuerzo,0.6,enero,2025
Promoción de comida rápida,0.6,enero,2025
Tostadas (palta o mantequilla o mermelada o,0.6,enero,2025
Aliado (jamón queso) o barros Jarpa - para once,0.6,enero,2025
Pollo asado entero,-2.3,enero,2025
Empanada de horno,-2.3,enero,2025
Colación o menú del día o almuerzo ejecutivo,0.6,enero,2025
Plato de fondo - para almuerzo,0.6,enero,2025
"promedio del estrato de referencia, formado por",4.43,febrero,2025
"la aplicación de la metodología a los datos de la VII EPF, fue de",2.68,febrero,2025
ponderador utilizado es,0.7,febrero,2025
7 La metodología tradicional consideraba un valor del coeficiente de Orshansky de 2 para zonas urbanas y de,1.75,febrero,2025
"para el hogar medio del estrato de referencia, de",4.43,febrero,2025
apartado anterior. Esta cifra representa una variación mensual de,0.02,febrero,2025
de,1.0,febrero,2025
mensual para ambas líneas de,0.3,febrero,2025
de,3.2,febrero,2025
"de pobreza, se observa una variación mensual de",0.3,febrero,2025
"de 2025, el IPC del resto de los productos tuvo una variación de",0.5,febrero,2025
"4,5",4.0,febrero,2025
"3,5",2.9,febrero,2025
"2,0",2.5,febrero,2025
"1,5",1.3,febrero,2025
"-1,0",-1.0,febrero,2025
"-1,5",-1.6,febrero,2025
"-2,0",-1.8,febrero,2025
"Con respecto a la variación a doce meses (Gráfico 4), la CBA aumentó en",1.0,febrero,2025
"también afectan la línea de la pobreza, se encuentra una variación de",5.1,febrero,2025
"la CBA en el mismo periodo, ubicándose en",3.2,febrero,2025
"30,0",28.2,febrero,2025
"0,0",1.0,febrero,2025
• La variación mensual registrada por el valor de la canasta básica de alimentos fue,0.02,febrero,2025
persona equivalente alcanzó un,0.3,febrero,2025
y Bebidas No Alcohólicas presentó una variación de,0.1,febrero,2025
experimentada por el IPC fue de,0.4,febrero,2025
• La variación acumulada de la canasta básica de alimentos en lo que va del año fue de,0.6,febrero,2025
para las líneas de pobreza y pobreza extrema por persona equivalente fue de,1.2,febrero,2025
"del Índice de Alimentos y Bebidas No Alcohólicas, el aumento acumulado fue de",0.6,febrero,2025
que la variación registrada por el IPC17 alcanzó un,1.5,febrero,2025
• La variación del costo de la canasta básica de alimentos en los últimos doce meses fue de,1.0,febrero,2025
mientras que para la línea de pobreza por persona equivalente el cambio fue de un,3.2,febrero,2025
caso del Índice de Alimentos y Bebidas No Alcohólicas fue de,2.9,febrero,2025
registrada por el IPC alcanzó,4.7,febrero,2025
CBA,0.02,febrero,2025
LP por persona equivalente,0.3,febrero,2025
LPE por persona equivalente,0.3,febrero,2025
Índice de Alimentos y Bebidas no Alcohólicas,0.1,febrero,2025
IPC,0.4,febrero,2025
"productos que componen la CBA (44 de un total de 79). En promedio, lo hicieron en",1.4,febrero,2025
fluctuaron entre,10.5,febrero,2025
mostraron variaciones mensuales de,10.5,febrero,2025
fresca o refrigerada y el plátano la variación mensual alcanza al,3.3,febrero,2025
Tomate,10.5,febrero,2025
Lechuga,7.8,febrero,2025
Limón,4.4,febrero,2025
Merluza fresca o refrigerada,3.3,febrero,2025
Plátano,2.6,febrero,2025
Zapallo,-4.0,febrero,2025
Agua mineral,-5.2,febrero,2025
Papa de guarda,-7.2,febrero,2025
Manzana,-8.3,febrero,2025
"En el caso de los 31 productos que disminuyeron su valor, lo hicieron en un",2.2,febrero,2025
fluctuaron entre,8.3,febrero,2025
"manzana, papa de guarda, agua mineral y zapallo, que disminuyeron en",8.3,febrero,2025
Arroz G,22.2,febrero,2025
Pan corriente sin envasar G,151.2,febrero,2025
Espiral G,20.2,febrero,2025
Galleta dulce G,1.1,febrero,2025
Galleta no dulce G,0.5,febrero,2025
Torta 15 o 20 personas G,7.2,febrero,2025
Prepizza familiar G,0.8,febrero,2025
Harina de trigo G,10.2,febrero,2025
Avena G,5.1,febrero,2025
Asiento G,0.3,febrero,2025
Carne molida G,4.9,febrero,2025
Chuleta de cerdo centro o vetada G,3.9,febrero,2025
Costillar de cerdo G,1.8,febrero,2025
Pulpa de cerdo G,4.0,febrero,2025
Carne de pavo molida G,1.2,febrero,2025
Pechuga de pollo G,4.7,febrero,2025
Pollo entero G,20.4,febrero,2025
Trutro de pollo G,15.3,febrero,2025
Pulpa de cordero fresco o refrigerado G,0.2,febrero,2025
Salchicha y vienesa de ave G,2.3,febrero,2025
Salchicha y vienesa tradicional G,0.2,febrero,2025
Longaniza G,4.2,febrero,2025
Jamón de cerdo G,9.4,febrero,2025
Pate G,2.9,febrero,2025
Merluza fresca o refrigerada G,8.1,febrero,2025
Choritos frescos o refrigerados en su concha G,2.7,febrero,2025
Jurel en conserva G,18.8,febrero,2025
Surtido en conserva G,0.3,febrero,2025
Leche líquida entera CC,73.7,febrero,2025
Leche en polvo entera instantánea G,3.2,febrero,2025
Yogurt G,20.8,febrero,2025
Queso Gouda G,4.3,febrero,2025
Quesillo y queso fresco con sal G,0.9,febrero,2025
Queso crema G,0.3,febrero,2025
Huevo de gallina G,13.1,febrero,2025
Mantequilla con sal G,1.2,febrero,2025
Margarina G,3.6,febrero,2025
Aceite vegetal combinado o puro CC,15.7,febrero,2025
Plátano G,110.2,febrero,2025
Manzana G,51.1,febrero,2025
Maní salado G,0.4,febrero,2025
Poroto G,13.1,febrero,2025
Lenteja G,1.7,febrero,2025
Lechuga G,25.2,febrero,2025
Zapallo G,14.2,febrero,2025
Limón G,15.7,febrero,2025
Palta G,12.5,febrero,2025
Tomate G,44.6,febrero,2025
Zanahoria G,6.3,febrero,2025
Cebolla nueva G,17.5,febrero,2025
Choclo congelado G,5.7,febrero,2025
Papa de guarda G,121.5,febrero,2025
Azúcar G,28.8,febrero,2025
Chocolate G,0.9,febrero,2025
Caramelo G,1.9,febrero,2025
Helado familiar un sabor CC,9.3,febrero,2025
Salsa de tomate G,20.1,febrero,2025
Sucedáneo de café G,1.0,febrero,2025
Te para preparar G,1.8,febrero,2025
Agua mineral CC,9.4,febrero,2025
Bebida gaseosa tradicional CC,46.9,febrero,2025
Bebida energizante CC,0.1,febrero,2025
Refresco isotónico CC,0.3,febrero,2025
Jugo líquido CC,4.5,febrero,2025
Néctar líquido CC,0.1,febrero,2025
Refresco en polvo G,1.3,febrero,2025
Completo G,6.4,febrero,2025
Papas fritas G,0.8,febrero,2025
Té corriente (según establecimiento) - para desayuno G,1.3,febrero,2025
Biscochos dulces y medialunas - para desayuno G,0.1,febrero,2025
Entrada (ensalada o sopa) - para almuerzo G,0.0,febrero,2025
Postre - para almuerzo G,0.0,febrero,2025
Promoción de comida rápida G,0.7,febrero,2025
Tostadas (palta o mantequilla o mermelada o mezcla G,0.0,febrero,2025
Aliado (jamón queso) o Barros Jarpa - para once G,0.0,febrero,2025
Pollo asado entero G,2.0,febrero,2025
Empanada de horno G,1.5,febrero,2025
Colación o menú del día o almuerzo ejecutivo G,4.5,febrero,2025
Plato de fondo - para almuerzo G,0.8,febrero,2025
Arroz,-0.8,febrero,2025
Pan corriente sin envasar,1.9,febrero,2025
Espiral,-3.6,febrero,2025
Galleta dulce,-3.8,febrero,2025
Galleta no dulce,-3.8,febrero,2025
Torta 15 o 20 personas,0.5,febrero,2025
Prepizza familiar,-0.3,febrero,2025
Harina de trigo,-3.4,febrero,2025
Avena,-0.4,febrero,2025
Asiento,1.2,febrero,2025
Carne molida,1.2,febrero,2025
Chuleta de cerdo centro o vetada,-0.6,febrero,2025
Costillar de cerdo,-0.6,febrero,2025
Pulpa de cerdo,-0.6,febrero,2025
Carne de pavo molida,1.4,febrero,2025
Pechuga de pollo,-1.6,febrero,2025
Pollo entero,-1.6,febrero,2025
Trutro de pollo,-1.6,febrero,2025
Pulpa de cordero fresco o refrigerado,0.3,febrero,2025
Salchicha y vienesa de ave,0.7,febrero,2025
Salchicha y vienesa tradicional,0.7,febrero,2025
Longaniza,0.7,febrero,2025
Jamón de cerdo,0.7,febrero,2025
Pate,0.7,febrero,2025
Merluza fresca o refrigerada,3.3,febrero,2025
Choritos frescos o refrigerados en su concha,0.5,febrero,2025
Jurel en conserva,0.1,febrero,2025
Surtido en conserva,0.8,febrero,2025
Leche líquida entera,-0.5,febrero,2025
Leche en polvo entera instantánea,-2.4,febrero,2025
Yogurt,0.5,febrero,2025
Queso Gouda,1.2,febrero,2025
Quesillo y queso fresco con sal,1.2,febrero,2025
Queso crema,1.2,febrero,2025
Huevo de gallina,1.2,febrero,2025
Mantequilla con sal,0.0,febrero,2025
Margarina,1.5,febrero,2025
Aceite vegetal combinado o puro,2.5,febrero,2025
Plátano,2.6,febrero,2025
Manzana,-8.3,febrero,2025
Maní salado,0.6,febrero,2025
Poroto,0.2,febrero,2025
Lenteja,0.2,febrero,2025
Lechuga,7.8,febrero,2025
Zapallo,-4.0,febrero,2025
Limón,4.4,febrero,2025
Palta,-1.3,febrero,2025
Tomate,10.5,febrero,2025
Zanahoria,-2.9,febrero,2025
Cebolla nueva,0.5,febrero,2025
Choclo congelado,2.4,febrero,2025
Papa de guarda,-7.2,febrero,2025
Azúcar,-0.6,febrero,2025
Chocolate,-1.0,febrero,2025
Caramelo,0.5,febrero,2025
Helado familiar 1 sabor,2.0,febrero,2025
Salsa de tomate,-1.2,febrero,2025
Sucedáneo de café,-2.4,febrero,2025
Te para preparar,0.0,febrero,2025
Agua mineral,-5.2,febrero,2025
Bebida gaseosa tradicional,0.2,febrero,2025
Bebida energizante,0.0,febrero,2025
Refresco isotónico,0.0,febrero,2025
Jugo liquido,-0.7,febrero,2025
Néctar liquido,-0.7,febrero,2025
Refresco en polvo,-3.3,febrero,2025
Completo,0.7,febrero,2025
Papas fritas,-1.3,febrero,2025
Té corriente ( según establecimiento) - para,0.7,febrero,2025
Biscochos dulces y medialunas - para desayuno,0.7,febrero,2025
Entrada (ensalada o sopa) - para almuerzo,0.7,febrero,2025
Postre - para almuerzo,0.7,febrero,2025
Promoción de comida rápida,0.7,febrero,2025
Tostadas (palta o mantequilla o mermelada o,0.7,febrero,2025
Aliado (jamón queso) o barros Jarpa - para once,0.7,febrero,2025
Pollo asado entero,-1.3,febrero,2025
Empanada de horno,-1.3,febrero,2025
Colación o menú del día o almuerzo ejecutivo,0.7,febrero,2025
Plato de fondo - para almuerzo,0.7,febrero,2025
"promedio del estrato de referencia, formado por",4.43,marzo,2025
"la aplicación de la metodología a los datos de la VII EPF, fue de",2.68,marzo,2025
ponderador utilizado es,0.7,marzo,2025
7 La metodología tradicional consideraba un valor del coeficiente de Orshansky de 2 para zonas urbanas y de,1.75,marzo,2025
"para el hogar medio del estrato de referencia, de",4.43,marzo,2025
apartado anterior. Esta cifra representa una variación mensual de,1.3,marzo,2025
de,4.2,marzo,2025
mensual para ambas líneas de,0.8,marzo,2025
de,4.4,marzo,2025
una variación mensual de,0.8,marzo,2025
de los productos tuvo una variación de,0.3,marzo,2025
"4,5",4.0,marzo,2025
"3,5",2.9,marzo,2025
"2 3 , , 5 0",2.1,marzo,2025
"1,5",1.3,marzo,2025
"0,0",0.3,marzo,2025
"-1,5",-1.3,marzo,2025
"-2,0",-1.6,marzo,2025
"-2,5 CBA LP IPC Resto",-2.2,marzo,2025
"Con respecto a la variación a doce meses (Gráfico 4), la CBA aumentó en",4.2,marzo,2025
"que también afectan la línea de la pobreza, se encuentra una variación de",4.6,marzo,2025
"la CBA en el mismo periodo, ubicándose en",4.4,marzo,2025
"30,0",28.2,marzo,2025
"20,0",17.3,marzo,2025
"5,0",4.4,marzo,2025
• La variación mensual registrada por el valor de la canasta básica de alimentos fue,1.3,marzo,2025
persona equivalente alcanzó un,0.8,marzo,2025
y Bebidas No Alcohólicas presentó una variación de,1.2,marzo,2025
experimentada por el IPC fue de,0.5,marzo,2025
• La variación acumulada de la canasta básica de alimentos en lo que va del año fue de,1.9,marzo,2025
para las líneas de pobreza y pobreza extrema por persona equivalente fue de,2.0,marzo,2025
"del Índice de Alimentos y Bebidas No Alcohólicas, el aumento acumulado fue de",1.8,marzo,2025
que la variación registrada por el IPC17 alcanzó un,2.0,marzo,2025
• La variación del costo de la canasta básica de alimentos en los últimos doce meses fue de,4.2,marzo,2025
mientras que para la línea de pobreza por persona equivalente el cambio fue de un,4.4,marzo,2025
caso del Índice de Alimentos y Bebidas No Alcohólicas fue de,5.1,marzo,2025
registrada por el IPC alcanzó,4.9,marzo,2025
CBA,1.3,marzo,2025
LP por persona equivalente,0.8,marzo,2025
LPE por persona equivalente,0.8,marzo,2025
Índice de Alimentos y Bebidas no Alcohólicas,1.2,marzo,2025
IPC,0.5,marzo,2025
"productos que componen la CBA (53 de un total de 79). En promedio, lo hicieron en",2.3,marzo,2025
fluctuaron entre,22.7,marzo,2025
que mostraron variaciones mensuales de,22.7,marzo,2025
"polvo, el sucedáneo de café y los huevos de gallina, mostraron variaciones mensuales de",8.6,marzo,2025
y,4.5,marzo,2025
Tomate,22.7,marzo,2025
Limón,18.6,marzo,2025
Refresco en polvo,8.6,marzo,2025
Sucedáneo de café,8.1,marzo,2025
Huevo de gallina,4.5,marzo,2025
Jurel en conserva,-2.4,marzo,2025
Harina de trigo,-3.1,marzo,2025
Manzana,-3.5,marzo,2025
Zanahoria,-3.6,marzo,2025
"En el caso de los 26 productos que disminuyeron su valor, lo hicieron en un",1.2,marzo,2025
fluctuaron entre,3.6,marzo,2025
"zanahoria, manzana, harina de trigo y jurel en conserva, que disminuyeron en",3.6,marzo,2025
Arroz G,22.2,marzo,2025
Pan corriente sin envasar G,151.2,marzo,2025
Espiral G,20.2,marzo,2025
Galleta dulce G,1.1,marzo,2025
Galleta no dulce G,0.5,marzo,2025
Torta 15 o 20 personas G,7.2,marzo,2025
Prepizza familiar G,0.8,marzo,2025
Harina de trigo G,10.2,marzo,2025
Avena G,5.1,marzo,2025
Asiento G,0.3,marzo,2025
Carne molida G,4.9,marzo,2025
Chuleta de cerdo centro o vetada G,3.9,marzo,2025
Costillar de cerdo G,1.8,marzo,2025
Pulpa de cerdo G,4.0,marzo,2025
Carne de pavo molida G,1.2,marzo,2025
Pechuga de pollo G,4.7,marzo,2025
Pollo entero G,20.4,marzo,2025
Trutro de pollo G,15.3,marzo,2025
Pulpa de cordero fresco o refrigerado G,0.2,marzo,2025
Salchicha y vienesa de ave G,2.3,marzo,2025
Salchicha y vienesa tradicional G,0.2,marzo,2025
Longaniza G,4.2,marzo,2025
Jamón de cerdo G,9.4,marzo,2025
Pate G,2.9,marzo,2025
Merluza fresca o refrigerada G,8.1,marzo,2025
Choritos frescos o refrigerados en su concha G,2.7,marzo,2025
Jurel en conserva G,18.8,marzo,2025
Surtido en conserva G,0.3,marzo,2025
Leche líquida entera CC,73.7,marzo,2025
Leche en polvo entera instantánea G,3.2,marzo,2025
Yogurt G,20.8,marzo,2025
Queso Gouda G,4.3,marzo,2025
Quesillo y queso fresco con sal G,0.9,marzo,2025
Queso crema G,0.3,marzo,2025
Huevo de gallina G,13.1,marzo,2025
Mantequilla con sal G,1.2,marzo,2025
Margarina G,3.6,marzo,2025
Aceite vegetal combinado o puro CC,15.7,marzo,2025
Plátano G,110.2,marzo,2025
Manzana G,51.1,marzo,2025
Maní salado G,0.4,marzo,2025
Poroto G,13.1,marzo,2025
Lenteja G,1.7,marzo,2025
Lechuga G,25.2,marzo,2025
Zapallo G,14.2,marzo,2025
Limón G,15.7,marzo,2025
Palta G,12.5,marzo,2025
Tomate G,44.6,marzo,2025
Zanahoria G,6.3,marzo,2025
Cebolla nueva G,17.5,marzo,2025
Choclo congelado G,5.7,marzo,2025
Papa de guarda G,121.5,marzo,2025
Azúcar G,28.8,marzo,2025
Chocolate G,0.9,marzo,2025
Caramelo G,1.9,marzo,2025
Helado familiar un sabor CC,9.3,marzo,2025
Salsa de tomate G,20.1,marzo,2025
Sucedáneo de café G,1.0,marzo,2025
Te para preparar G,1.8,marzo,2025
Agua mineral CC,9.4,marzo,2025
Bebida gaseosa tradicional CC,46.9,marzo,2025
Bebida energizante CC,0.1,marzo,2025
Refresco isotónico CC,0.3,marzo,2025
Jugo líquido CC,4.5,marzo,2025
Néctar líquido CC,0.1,marzo,2025
Refresco en polvo G,1.3,marzo,2025
Completo G,6.4,marzo,2025
Papas fritas G,0.8,marzo,2025
Té corriente (según establecimiento) - para desayuno G,1.3,marzo,2025
Biscochos dulces y medialunas - para desayuno G,0.1,marzo,2025
Entrada (ensalada o sopa) - para almuerzo G,0.0,marzo,2025
Postre - para almuerzo G,0.0,marzo,2025
Promoción de comida rápida G,0.7,marzo,2025
Tostadas (palta o mantequilla o mermelada o mezcla G,0.0,marzo,2025
Aliado (jamón queso) o Barros Jarpa - para once G,0.0,marzo,2025
Pollo asado entero G,2.0,marzo,2025
Empanada de horno G,1.5,marzo,2025
Colación o menú del día o almuerzo ejecutivo G,4.5,marzo,2025
Plato de fondo - para almuerzo G,0.8,marzo,2025
Arroz,0.5,marzo,2025
Pan corriente sin envasar,0.4,marzo,2025
Espiral,-2.1,marzo,2025
Galleta dulce,3.8,marzo,2025
Galleta no dulce,3.8,marzo,2025
Torta 15 o 20 personas,1.2,marzo,2025
Prepizza familiar,1.9,marzo,2025
Harina de trigo,-3.1,marzo,2025
Avena,-1.4,marzo,2025
Asiento,1.8,marzo,2025
Carne molida,1.8,marzo,2025
Chuleta de cerdo centro o vetada,0.7,marzo,2025
Costillar de cerdo,0.7,marzo,2025
Pulpa de cerdo,0.7,marzo,2025
Carne de pavo molida,3.7,marzo,2025
Pechuga de pollo,-0.1,marzo,2025
Pollo entero,-0.1,marzo,2025
Trutro de pollo,-0.1,marzo,2025
Pulpa de cordero fresco o refrigerado,1.1,marzo,2025
Salchicha y vienesa de ave,0.8,marzo,2025
Salchicha y vienesa tradicional,0.8,marzo,2025
Longaniza,0.8,marzo,2025
Jamón de cerdo,1.0,marzo,2025
Pate,1.0,marzo,2025
Merluza fresca o refrigerada,3.2,marzo,2025
Choritos frescos o refrigerados en su concha,0.2,marzo,2025
Jurel en conserva,-2.4,marzo,2025
Surtido en conserva,-2.2,marzo,2025
Leche líquida entera,1.6,marzo,2025
Leche en polvo entera instantánea,3.9,marzo,2025
Yogurt,-1.1,marzo,2025
Queso Gouda,-0.4,marzo,2025
Quesillo y queso fresco con sal,-0.4,marzo,2025
Queso crema,-0.4,marzo,2025
Huevo de gallina,4.5,marzo,2025
Mantequilla con sal,0.6,marzo,2025
Margarina,2.2,marzo,2025
Aceite vegetal combinado o puro,0.8,marzo,2025
Plátano,4.1,marzo,2025
Manzana,-3.5,marzo,2025
Maní salado,1.5,marzo,2025
Poroto,-1.0,marzo,2025
Lenteja,-1.0,marzo,2025
Lechuga,2.4,marzo,2025
Zapallo,0.4,marzo,2025
Limón,18.6,marzo,2025
Palta,1.1,marzo,2025
Tomate,22.7,marzo,2025
Zanahoria,-3.6,marzo,2025
Cebolla nueva,1.0,marzo,2025
Choclo congelado,-1.8,marzo,2025
Papa de guarda,-0.5,marzo,2025
Azúcar,0.6,marzo,2025
Chocolate,1.4,marzo,2025
Caramelo,0.2,marzo,2025
Helado familiar 1 sabor,-1.2,marzo,2025
Salsa de tomate,0.3,marzo,2025
Sucedáneo de café,8.1,marzo,2025
Te para preparar,-0.1,marzo,2025
Agua mineral,-1.8,marzo,2025
Bebida gaseosa tradicional,-0.9,marzo,2025
Bebida energizante,-1.1,marzo,2025
Refresco isotónico,-1.1,marzo,2025
Jugo liquido,-0.1,marzo,2025
Néctar liquido,-0.1,marzo,2025
Refresco en polvo,8.6,marzo,2025
Completo,0.4,marzo,2025
Papas fritas,1.2,marzo,2025
Té corriente ( según establecimiento) - para,0.4,marzo,2025
Biscochos dulces y medialunas - para desayuno,0.4,marzo,2025
Entrada (ensalada o sopa) - para almuerzo,0.4,marzo,2025
Postre - para almuerzo,0.4,marzo,2025
Promoción de comida rápida,0.4,marzo,2025
Tostadas (palta o mantequilla o mermelada o,0.4,marzo,2025
Aliado (jamón queso) o barros Jarpa - para once,0.4,marzo,2025
Pollo asado entero,1.2,marzo,2025
Empanada de horno,1.2,marzo,2025
Colación o menú del día o almuerzo ejecutivo,0.4,marzo,2025
Plato de fondo - para almuerzo,0.4,marzo,2025
